"playerId","question","truth","initial","final","valid","chatrooms","trial"
859,"headphones",142770,150000,150000,TRUE,1,"22u5YpwA485h5dMwh1"
1152,"headphones",142770,80000,180000,TRUE,1,"22u5YpwA485h5dMwh1"
565,"headphones",142770,250000,NA,FALSE,1,"22u5YpwA485h5dMwh1"
1138,"headphones",142770,300,250000,TRUE,1,"22u5YpwA485h5dMwh1"
1286,"headphones",142770,350000,NA,FALSE,1,"22u5YpwA485h5dMwh1"
145,"headphones",142770,180000,180000,TRUE,1,"22u5YpwA485h5dMwh1"
264,"headphones",142770,1e+05,75000,TRUE,1,"22u5YpwA485h5dMwh1"
964,"headphones",142770,2e+05,2e+05,TRUE,1,"22u5YpwA485h5dMwh1"
782,"headphones",142770,150000,150000,TRUE,1,"22u5YpwA485h5dMwh1"
996,"headphones",142770,150000,150000,TRUE,1,"22u5YpwA485h5dMwh1"
249,"headphones",142770,250000,250000,TRUE,1,"22u5YpwA485h5dMwh1"
362,"headphones",142770,NA,125000,FALSE,1,"22u5YpwA485h5dMwh1"
173,"headphones",142770,50000,150000,TRUE,1,"22u5YpwA485h5dMwh1"
161,"headphones",142770,NA,3e+05,FALSE,1,"22u5YpwA485h5dMwh1"
514,"headphones",142770,5e+05,3e+05,TRUE,1,"22u5YpwA485h5dMwh1"
992,"headphones",142770,75000,130000,TRUE,1,"22u5YpwA485h5dMwh1"
39,"headphones",142770,150000,150000,TRUE,1,"22u5YpwA485h5dMwh1"
536,"headphones",142770,2000,150000,TRUE,1,"22u5YpwA485h5dMwh1"
114,"headphones",142770,NA,NA,FALSE,1,"22u5YpwA485h5dMwh1"
349,"headphones",142770,150000,150000,TRUE,1,"22u5YpwA485h5dMwh1"
873,"philly",570,858,858,TRUE,1,"4rBqFnfAQoCJYr93f1"
979,"philly",570,753,975,TRUE,2,"4rBqFnfAQoCJYr93f2"
142,"philly",570,1067,1098,TRUE,1,"4rBqFnfAQoCJYr93f1"
321,"philly",570,804,950,TRUE,2,"4rBqFnfAQoCJYr93f2"
252,"philly",570,1000,2000,TRUE,2,"4rBqFnfAQoCJYr93f2"
1079,"philly",570,873,1250,TRUE,1,"4rBqFnfAQoCJYr93f1"
286,"philly",570,1000,1000,TRUE,2,"4rBqFnfAQoCJYr93f2"
1330,"philly",570,1000,1150,TRUE,1,"4rBqFnfAQoCJYr93f1"
360,"philly",570,2000,1200,TRUE,1,"4rBqFnfAQoCJYr93f1"
320,"philly",570,200,200,TRUE,2,"4rBqFnfAQoCJYr93f2"
1105,"philly",570,1337,1305,TRUE,1,"4rBqFnfAQoCJYr93f1"
465,"philly",570,2500,1001,TRUE,2,"4rBqFnfAQoCJYr93f2"
224,"philly",570,1000,1000,TRUE,2,"4rBqFnfAQoCJYr93f2"
662,"philly",570,1800,1350,TRUE,1,"4rBqFnfAQoCJYr93f1"
1111,"philly",570,1113,1200,TRUE,1,"4rBqFnfAQoCJYr93f1"
369,"philly",570,1000,900,TRUE,2,"4rBqFnfAQoCJYr93f2"
1061,"philly",570,1000,1000,TRUE,2,"4rBqFnfAQoCJYr93f2"
552,"philly",570,2567,2300,TRUE,2,"4rBqFnfAQoCJYr93f2"
1037,"philly",570,1300,1300,TRUE,1,"4rBqFnfAQoCJYr93f1"
115,"philly",570,1500,1000,TRUE,2,"4rBqFnfAQoCJYr93f2"
1115,"philly",570,1500,1150,TRUE,1,"4rBqFnfAQoCJYr93f1"
1137,"philly",570,775,1000,TRUE,2,"4rBqFnfAQoCJYr93f2"
1260,"philly",570,700,950,TRUE,1,"4rBqFnfAQoCJYr93f1"
332,"philly",570,500,NA,FALSE,1,"4rBqFnfAQoCJYr93f1"
394,"philly",570,NA,1000,FALSE,2,"4rBqFnfAQoCJYr93f2"
176,"philly",570,800,1050,TRUE,1,"4rBqFnfAQoCJYr93f1"
150,"philly",570,1100,1100,TRUE,1,"4rBqFnfAQoCJYr93f1"
779,"philly",570,850,1020,TRUE,2,"4rBqFnfAQoCJYr93f2"
730,"philly",570,2000,950,TRUE,1,"4rBqFnfAQoCJYr93f1"
469,"philly",570,3000,1200,TRUE,1,"4rBqFnfAQoCJYr93f1"
1329,"philly",570,1200,1200,TRUE,2,"4rBqFnfAQoCJYr93f2"
257,"philly",570,2500,1600,TRUE,1,"4rBqFnfAQoCJYr93f1"
1,"philly",570,1330,1330,TRUE,1,"4rBqFnfAQoCJYr93f1"
1129,"philly",570,675,850,TRUE,2,"4rBqFnfAQoCJYr93f2"
954,"philly",570,999,1000,TRUE,1,"4rBqFnfAQoCJYr93f1"
466,"philly",570,900,850,TRUE,1,"4rBqFnfAQoCJYr93f1"
1140,"philly",570,2500,2000,TRUE,2,"4rBqFnfAQoCJYr93f2"
741,"philly",570,NA,NA,FALSE,2,"4rBqFnfAQoCJYr93f2"
760,"philly",570,2000,NA,FALSE,2,"4rBqFnfAQoCJYr93f2"
1380,"philly",570,1500,1800,TRUE,2,"4rBqFnfAQoCJYr93f2"
1183,"picasso",29.6,5,29,TRUE,2,"6D4oEx4a8r8HoawbJ2"
948,"picasso",29.6,25,50,TRUE,1,"6D4oEx4a8r8HoawbJ1"
982,"picasso",29.6,2.5,115,TRUE,1,"6D4oEx4a8r8HoawbJ1"
1028,"picasso",29.6,1.85,28,TRUE,2,"6D4oEx4a8r8HoawbJ2"
26,"picasso",29.6,NA,25,FALSE,2,"6D4oEx4a8r8HoawbJ2"
233,"picasso",29.6,25,29.6,TRUE,2,"6D4oEx4a8r8HoawbJ2"
680,"picasso",29.6,2.2,55,TRUE,1,"6D4oEx4a8r8HoawbJ1"
896,"picasso",29.6,45,29,TRUE,2,"6D4oEx4a8r8HoawbJ2"
945,"picasso",29.6,75,29.6,TRUE,1,"6D4oEx4a8r8HoawbJ1"
686,"picasso",29.6,2,30,TRUE,1,"6D4oEx4a8r8HoawbJ1"
797,"picasso",29.6,4,29.6,TRUE,1,"6D4oEx4a8r8HoawbJ1"
650,"picasso",29.6,1.7,29.6,TRUE,1,"6D4oEx4a8r8HoawbJ1"
1118,"picasso",29.6,5,15,TRUE,2,"6D4oEx4a8r8HoawbJ2"
875,"picasso",29.6,0.35,55,TRUE,1,"6D4oEx4a8r8HoawbJ1"
689,"picasso",29.6,1.5,29,TRUE,2,"6D4oEx4a8r8HoawbJ2"
149,"picasso",29.6,30,29,TRUE,2,"6D4oEx4a8r8HoawbJ2"
447,"picasso",29.6,2,26,TRUE,2,"6D4oEx4a8r8HoawbJ2"
1185,"picasso",29.6,2.8,29.6,TRUE,1,"6D4oEx4a8r8HoawbJ1"
732,"picasso",29.6,NA,NA,FALSE,1,"6D4oEx4a8r8HoawbJ1"
520,"picasso",29.6,24,29,TRUE,2,"6D4oEx4a8r8HoawbJ2"
698,"picasso",29.6,5,29.5,TRUE,2,"6D4oEx4a8r8HoawbJ2"
207,"picasso",29.6,25,29.6,TRUE,2,"6D4oEx4a8r8HoawbJ2"
109,"picasso",29.6,5,55,TRUE,1,"6D4oEx4a8r8HoawbJ1"
751,"picasso",29.6,2.5,111,TRUE,1,"6D4oEx4a8r8HoawbJ1"
1356,"picasso",29.6,10,29.6,TRUE,1,"6D4oEx4a8r8HoawbJ1"
1391,"picasso",29.6,3,55,TRUE,1,"6D4oEx4a8r8HoawbJ1"
903,"picasso",29.6,0.6,29.5,TRUE,2,"6D4oEx4a8r8HoawbJ2"
452,"picasso",29.6,NA,29.6,FALSE,2,"6D4oEx4a8r8HoawbJ2"
856,"picasso",29.6,NA,NA,FALSE,2,"6D4oEx4a8r8HoawbJ2"
660,"picasso",29.6,3.5,25,TRUE,1,"6D4oEx4a8r8HoawbJ1"
1301,"picasso",29.6,2.5,29.5,TRUE,2,"6D4oEx4a8r8HoawbJ2"
336,"picasso",29.6,3.5,29.6,TRUE,2,"6D4oEx4a8r8HoawbJ2"
307,"picasso",29.6,65,65,TRUE,1,"6D4oEx4a8r8HoawbJ1"
123,"picasso",29.6,1,29.6,TRUE,2,"6D4oEx4a8r8HoawbJ2"
573,"picasso",29.6,100,65,TRUE,1,"6D4oEx4a8r8HoawbJ1"
358,"picasso",29.6,100,0.25,TRUE,2,"6D4oEx4a8r8HoawbJ2"
546,"picasso",29.6,50,30,TRUE,2,"6D4oEx4a8r8HoawbJ2"
436,"picasso",29.6,6.3,27,TRUE,1,"6D4oEx4a8r8HoawbJ1"
1144,"picasso",29.6,15,30,TRUE,1,"6D4oEx4a8r8HoawbJ1"
272,"picasso",29.6,10,50,TRUE,1,"6D4oEx4a8r8HoawbJ1"
380,"vangogh",10,2,3.6,TRUE,1,"6uaK4yRR7pkoBmFzW1"
472,"vangogh",10,0.6,5,TRUE,1,"6uaK4yRR7pkoBmFzW1"
363,"vangogh",10,2,5.5,TRUE,1,"6uaK4yRR7pkoBmFzW1"
391,"vangogh",10,28.5,3.6,TRUE,1,"6uaK4yRR7pkoBmFzW1"
351,"vangogh",10,1.5,2.5,TRUE,1,"6uaK4yRR7pkoBmFzW1"
696,"vangogh",10,3,12,TRUE,1,"6uaK4yRR7pkoBmFzW1"
1134,"vangogh",10,23,11,TRUE,1,"6uaK4yRR7pkoBmFzW1"
298,"vangogh",10,4,4,TRUE,1,"6uaK4yRR7pkoBmFzW1"
674,"vangogh",10,48,6.5,TRUE,1,"6uaK4yRR7pkoBmFzW1"
199,"vangogh",10,420,26,TRUE,1,"6uaK4yRR7pkoBmFzW1"
196,"vangogh",10,18,15,TRUE,1,"6uaK4yRR7pkoBmFzW1"
1346,"vangogh",10,1,3.6,TRUE,1,"6uaK4yRR7pkoBmFzW1"
1133,"vangogh",10,3,32,TRUE,1,"6uaK4yRR7pkoBmFzW1"
1254,"vangogh",10,2,8,TRUE,1,"6uaK4yRR7pkoBmFzW1"
874,"vangogh",10,5.5,8,TRUE,1,"6uaK4yRR7pkoBmFzW1"
758,"vangogh",10,24,14,TRUE,1,"6uaK4yRR7pkoBmFzW1"
900,"vangogh",10,80,70,TRUE,1,"6uaK4yRR7pkoBmFzW1"
144,"vangogh",10,2,3.6,TRUE,1,"6uaK4yRR7pkoBmFzW1"
1202,"vangogh",10,2,7,TRUE,1,"6uaK4yRR7pkoBmFzW1"
1385,"vangogh",10,7,7,TRUE,1,"6uaK4yRR7pkoBmFzW1"
45,"picasso",29.6,3.5,35,TRUE,1,"7wkkvgw5a42aHmDwa1"
367,"picasso",29.6,14,85,TRUE,1,"7wkkvgw5a42aHmDwa1"
630,"picasso",29.6,3,30,TRUE,1,"7wkkvgw5a42aHmDwa1"
1065,"picasso",29.6,2.5,80,TRUE,2,"7wkkvgw5a42aHmDwa2"
645,"picasso",29.6,8,15,TRUE,1,"7wkkvgw5a42aHmDwa1"
165,"picasso",29.6,1,2.5,TRUE,2,"7wkkvgw5a42aHmDwa2"
699,"picasso",29.6,2,30,TRUE,1,"7wkkvgw5a42aHmDwa1"
206,"picasso",29.6,NA,28,FALSE,1,"7wkkvgw5a42aHmDwa1"
639,"picasso",29.6,0.5,35,TRUE,1,"7wkkvgw5a42aHmDwa1"
882,"picasso",29.6,1,4.5,TRUE,1,"7wkkvgw5a42aHmDwa1"
215,"picasso",29.6,5,50,TRUE,2,"7wkkvgw5a42aHmDwa2"
909,"picasso",29.6,NA,65,FALSE,1,"7wkkvgw5a42aHmDwa1"
1326,"picasso",29.6,100,NA,FALSE,2,"7wkkvgw5a42aHmDwa2"
108,"picasso",29.6,20,20,TRUE,1,"7wkkvgw5a42aHmDwa1"
907,"picasso",29.6,85,95,TRUE,2,"7wkkvgw5a42aHmDwa2"
866,"picasso",29.6,100,65,TRUE,1,"7wkkvgw5a42aHmDwa1"
261,"picasso",29.6,0.2,2,TRUE,2,"7wkkvgw5a42aHmDwa2"
116,"picasso",29.6,8,100,TRUE,2,"7wkkvgw5a42aHmDwa2"
186,"picasso",29.6,15,90,TRUE,2,"7wkkvgw5a42aHmDwa2"
905,"picasso",29.6,2.5,75,TRUE,2,"7wkkvgw5a42aHmDwa2"
1136,"picasso",29.6,12,12,TRUE,1,"7wkkvgw5a42aHmDwa1"
56,"picasso",29.6,30,40,TRUE,2,"7wkkvgw5a42aHmDwa2"
1149,"picasso",29.6,23,23,TRUE,1,"7wkkvgw5a42aHmDwa1"
498,"picasso",29.6,3,NA,FALSE,2,"7wkkvgw5a42aHmDwa2"
1334,"picasso",29.6,3,15,TRUE,2,"7wkkvgw5a42aHmDwa2"
103,"picasso",29.6,26,52,TRUE,1,"7wkkvgw5a42aHmDwa1"
401,"picasso",29.6,7,50,TRUE,2,"7wkkvgw5a42aHmDwa2"
853,"picasso",29.6,3,5,TRUE,1,"7wkkvgw5a42aHmDwa1"
720,"picasso",29.6,3,60,TRUE,1,"7wkkvgw5a42aHmDwa1"
707,"picasso",29.6,40,80,TRUE,2,"7wkkvgw5a42aHmDwa2"
341,"picasso",29.6,2.7,3.5,TRUE,1,"7wkkvgw5a42aHmDwa1"
81,"picasso",29.6,3,12,TRUE,2,"7wkkvgw5a42aHmDwa2"
450,"picasso",29.6,30,30,TRUE,1,"7wkkvgw5a42aHmDwa1"
1312,"picasso",29.6,NA,NA,FALSE,2,"7wkkvgw5a42aHmDwa2"
765,"picasso",29.6,1.4,55,TRUE,2,"7wkkvgw5a42aHmDwa2"
1117,"picasso",29.6,4.5,20,TRUE,2,"7wkkvgw5a42aHmDwa2"
42,"picasso",29.6,1,20,TRUE,1,"7wkkvgw5a42aHmDwa1"
1271,"picasso",29.6,110,110,TRUE,2,"7wkkvgw5a42aHmDwa2"
210,"picasso",29.6,100,30,TRUE,1,"7wkkvgw5a42aHmDwa1"
1048,"picasso",29.6,5,5,TRUE,2,"7wkkvgw5a42aHmDwa2"
203,"philly",570,938,938,TRUE,1,"8Y83eoFuqiidSmTko1"
220,"philly",570,1000,1000,TRUE,1,"8Y83eoFuqiidSmTko1"
518,"philly",570,900,900,TRUE,1,"8Y83eoFuqiidSmTko1"
57,"philly",570,720,850,TRUE,1,"8Y83eoFuqiidSmTko1"
785,"philly",570,790,970,TRUE,1,"8Y83eoFuqiidSmTko1"
556,"philly",570,398,950,TRUE,1,"8Y83eoFuqiidSmTko1"
1307,"philly",570,1423,900,TRUE,1,"8Y83eoFuqiidSmTko1"
61,"philly",570,1200,1000,TRUE,1,"8Y83eoFuqiidSmTko1"
69,"philly",570,2000,938,TRUE,1,"8Y83eoFuqiidSmTko1"
77,"philly",570,956,956,TRUE,1,"8Y83eoFuqiidSmTko1"
767,"philly",570,3489,348,TRUE,1,"8Y83eoFuqiidSmTko1"
1072,"philly",570,900,900,TRUE,1,"8Y83eoFuqiidSmTko1"
1164,"philly",570,753,925,TRUE,1,"8Y83eoFuqiidSmTko1"
854,"philly",570,1000,1000,TRUE,1,"8Y83eoFuqiidSmTko1"
1044,"philly",570,1000,1000,TRUE,1,"8Y83eoFuqiidSmTko1"
183,"philly",570,850,950,TRUE,1,"8Y83eoFuqiidSmTko1"
644,"philly",570,2200,2200,TRUE,1,"8Y83eoFuqiidSmTko1"
780,"philly",570,980,915,TRUE,1,"8Y83eoFuqiidSmTko1"
79,"philly",570,2500,1000,TRUE,1,"8Y83eoFuqiidSmTko1"
1372,"philly",570,2500,910,TRUE,1,"8Y83eoFuqiidSmTko1"
1383,"songdrop",30000,500,500,TRUE,1,"AHJqx322b5o6CTbwK1"
1030,"songdrop",30000,16000,10000,TRUE,1,"AHJqx322b5o6CTbwK1"
1270,"songdrop",30000,15000,15000,TRUE,2,"AHJqx322b5o6CTbwK2"
551,"songdrop",30000,20000,24000,TRUE,2,"AHJqx322b5o6CTbwK2"
884,"songdrop",30000,150000,150000,TRUE,2,"AHJqx322b5o6CTbwK2"
1076,"songdrop",30000,80000,80000,TRUE,1,"AHJqx322b5o6CTbwK1"
1206,"songdrop",30000,17000,18000,TRUE,1,"AHJqx322b5o6CTbwK1"
295,"songdrop",30000,75000,20000,TRUE,2,"AHJqx322b5o6CTbwK2"
861,"songdrop",30000,30000,26000,TRUE,1,"AHJqx322b5o6CTbwK1"
754,"songdrop",30000,15000,20000,TRUE,2,"AHJqx322b5o6CTbwK2"
1195,"songdrop",30000,60000,18000,TRUE,1,"AHJqx322b5o6CTbwK1"
12,"songdrop",30000,50000,50000,TRUE,1,"AHJqx322b5o6CTbwK1"
1090,"songdrop",30000,50000,20000,TRUE,2,"AHJqx322b5o6CTbwK2"
966,"songdrop",30000,19000,19000,TRUE,1,"AHJqx322b5o6CTbwK1"
898,"songdrop",30000,20000,20000,TRUE,2,"AHJqx322b5o6CTbwK2"
1352,"songdrop",30000,15000,NA,FALSE,2,"AHJqx322b5o6CTbwK2"
531,"songdrop",30000,15000,17500,TRUE,1,"AHJqx322b5o6CTbwK1"
1057,"songdrop",30000,20000,20000,TRUE,2,"AHJqx322b5o6CTbwK2"
1368,"songdrop",30000,25000,25000,TRUE,2,"AHJqx322b5o6CTbwK2"
547,"songdrop",30000,31000,50000,TRUE,2,"AHJqx322b5o6CTbwK2"
137,"songdrop",30000,10000,10000,TRUE,2,"AHJqx322b5o6CTbwK2"
1141,"songdrop",30000,5000,3000,TRUE,1,"AHJqx322b5o6CTbwK1"
1163,"songdrop",30000,25000,30000,TRUE,1,"AHJqx322b5o6CTbwK1"
869,"songdrop",30000,NA,NA,FALSE,1,"AHJqx322b5o6CTbwK1"
508,"songdrop",30000,12000,15000,TRUE,2,"AHJqx322b5o6CTbwK2"
834,"songdrop",30000,NA,NA,FALSE,2,"AHJqx322b5o6CTbwK2"
583,"songdrop",30000,25000,20000,TRUE,2,"AHJqx322b5o6CTbwK2"
1354,"songdrop",30000,22000,18000,TRUE,1,"AHJqx322b5o6CTbwK1"
418,"songdrop",30000,17000,23000,TRUE,1,"AHJqx322b5o6CTbwK1"
326,"songdrop",30000,NA,91000,FALSE,1,"AHJqx322b5o6CTbwK1"
1112,"songdrop",30000,10000,25000,TRUE,1,"AHJqx322b5o6CTbwK1"
1209,"songdrop",30000,30000,25000,TRUE,1,"AHJqx322b5o6CTbwK1"
124,"songdrop",30000,21000,22000,TRUE,2,"AHJqx322b5o6CTbwK2"
976,"songdrop",30000,10000,25000,TRUE,2,"AHJqx322b5o6CTbwK2"
15,"songdrop",30000,280000,280000,TRUE,2,"AHJqx322b5o6CTbwK2"
655,"songdrop",30000,35000,25000,TRUE,1,"AHJqx322b5o6CTbwK1"
641,"songdrop",30000,35000,35000,TRUE,1,"AHJqx322b5o6CTbwK1"
179,"songdrop",30000,10000,15000,TRUE,1,"AHJqx322b5o6CTbwK1"
1248,"songdrop",30000,42000,52000,TRUE,2,"AHJqx322b5o6CTbwK2"
296,"songdrop",30000,10000,20000,TRUE,2,"AHJqx322b5o6CTbwK2"
922,"chicago",2812,1204,1304,TRUE,1,"aitxLzqaSHv5hohsk1"
107,"chicago",2812,1459,2391,TRUE,2,"aitxLzqaSHv5hohsk2"
22,"chicago",2812,3850,3000,TRUE,1,"aitxLzqaSHv5hohsk1"
965,"chicago",2812,2000,3000,TRUE,1,"aitxLzqaSHv5hohsk1"
225,"chicago",2812,7500,5500,TRUE,2,"aitxLzqaSHv5hohsk2"
1073,"chicago",2812,3000,4372,TRUE,1,"aitxLzqaSHv5hohsk1"
877,"chicago",2812,2000,2000,TRUE,2,"aitxLzqaSHv5hohsk2"
392,"chicago",2812,1650,2300,TRUE,1,"aitxLzqaSHv5hohsk1"
1186,"chicago",2812,2400,2400,TRUE,1,"aitxLzqaSHv5hohsk1"
1261,"chicago",2812,3000,3000,TRUE,1,"aitxLzqaSHv5hohsk1"
917,"chicago",2812,1500,3000,TRUE,1,"aitxLzqaSHv5hohsk1"
1288,"chicago",2812,2074,3015,TRUE,1,"aitxLzqaSHv5hohsk1"
793,"chicago",2812,1240,5500,TRUE,2,"aitxLzqaSHv5hohsk2"
1237,"chicago",2812,NA,NA,FALSE,1,"aitxLzqaSHv5hohsk1"
619,"chicago",2812,3000,3000,TRUE,1,"aitxLzqaSHv5hohsk1"
1309,"chicago",2812,40000,6000,TRUE,2,"aitxLzqaSHv5hohsk2"
798,"chicago",2812,1200,3000,TRUE,1,"aitxLzqaSHv5hohsk1"
303,"chicago",2812,1200,5500,TRUE,2,"aitxLzqaSHv5hohsk2"
1339,"chicago",2812,1500,1800,TRUE,2,"aitxLzqaSHv5hohsk2"
717,"chicago",2812,5000,10000,TRUE,2,"aitxLzqaSHv5hohsk2"
795,"chicago",2812,3500,3800,TRUE,2,"aitxLzqaSHv5hohsk2"
128,"chicago",2812,3200,3200,TRUE,2,"aitxLzqaSHv5hohsk2"
827,"chicago",2812,35000,10000,TRUE,2,"aitxLzqaSHv5hohsk2"
588,"chicago",2812,24,3000,TRUE,1,"aitxLzqaSHv5hohsk1"
1231,"chicago",2812,1050,3000,TRUE,1,"aitxLzqaSHv5hohsk1"
29,"chicago",2812,11600,4000,TRUE,1,"aitxLzqaSHv5hohsk1"
759,"chicago",2812,2000,3000,TRUE,1,"aitxLzqaSHv5hohsk1"
258,"chicago",2812,3509,3000,TRUE,1,"aitxLzqaSHv5hohsk1"
620,"chicago",2812,1000,2500,TRUE,2,"aitxLzqaSHv5hohsk2"
1360,"chicago",2812,1500,1800,TRUE,1,"aitxLzqaSHv5hohsk1"
1238,"chicago",2812,2500,3200,TRUE,2,"aitxLzqaSHv5hohsk2"
378,"chicago",2812,6900,5500,TRUE,1,"aitxLzqaSHv5hohsk1"
523,"chicago",2812,1300,NA,FALSE,2,"aitxLzqaSHv5hohsk2"
490,"chicago",2812,5632,5632,TRUE,2,"aitxLzqaSHv5hohsk2"
800,"chicago",2812,2500,3500,TRUE,2,"aitxLzqaSHv5hohsk2"
194,"chicago",2812,1500,4000,TRUE,2,"aitxLzqaSHv5hohsk2"
1025,"chicago",2812,2235,3500,TRUE,2,"aitxLzqaSHv5hohsk2"
315,"chicago",2812,3000,3000,TRUE,1,"aitxLzqaSHv5hohsk1"
1000,"chicago",2812,1113,1200,TRUE,2,"aitxLzqaSHv5hohsk2"
379,"chicago",2812,5000,5000,TRUE,2,"aitxLzqaSHv5hohsk2"
990,"yemen",609,1500,1000,TRUE,1,"bwipE8QyLKqJaYXpM1"
764,"yemen",609,750,950,TRUE,1,"bwipE8QyLKqJaYXpM1"
1082,"yemen",609,455,1250,TRUE,1,"bwipE8QyLKqJaYXpM1"
664,"yemen",609,4,890,TRUE,1,"bwipE8QyLKqJaYXpM1"
953,"yemen",609,NA,1200,FALSE,1,"bwipE8QyLKqJaYXpM1"
1299,"yemen",609,500,1200,TRUE,1,"bwipE8QyLKqJaYXpM1"
31,"yemen",609,3000,2500,TRUE,1,"bwipE8QyLKqJaYXpM1"
1219,"yemen",609,600,900,TRUE,1,"bwipE8QyLKqJaYXpM1"
678,"yemen",609,750,1150,TRUE,1,"bwipE8QyLKqJaYXpM1"
924,"yemen",609,1000,1000,TRUE,1,"bwipE8QyLKqJaYXpM1"
580,"yemen",609,942,922,TRUE,1,"bwipE8QyLKqJaYXpM1"
1313,"yemen",609,950,950,TRUE,1,"bwipE8QyLKqJaYXpM1"
1376,"yemen",609,358,358,TRUE,1,"bwipE8QyLKqJaYXpM1"
75,"yemen",609,1225,1225,TRUE,1,"bwipE8QyLKqJaYXpM1"
653,"yemen",609,432,1200,TRUE,1,"bwipE8QyLKqJaYXpM1"
1246,"yemen",609,600,800,TRUE,1,"bwipE8QyLKqJaYXpM1"
839,"yemen",609,300,1000,TRUE,1,"bwipE8QyLKqJaYXpM1"
511,"yemen",609,3,300,TRUE,1,"bwipE8QyLKqJaYXpM1"
245,"yemen",609,15,750,TRUE,1,"bwipE8QyLKqJaYXpM1"
342,"yemen",609,1000,750,TRUE,1,"bwipE8QyLKqJaYXpM1"
1003,"songdrop",30000,10000,20000,TRUE,1,"CYcxx8EWgRDQDgYrr1"
1218,"songdrop",30000,NA,20000,FALSE,1,"CYcxx8EWgRDQDgYrr1"
942,"songdrop",30000,NA,25000,FALSE,1,"CYcxx8EWgRDQDgYrr1"
425,"songdrop",30000,10000,20000,TRUE,1,"CYcxx8EWgRDQDgYrr1"
1320,"songdrop",30000,20000,20000,TRUE,1,"CYcxx8EWgRDQDgYrr1"
940,"songdrop",30000,1e+05,25000,TRUE,1,"CYcxx8EWgRDQDgYrr1"
846,"songdrop",30000,60000,NA,FALSE,1,"CYcxx8EWgRDQDgYrr1"
860,"songdrop",30000,1e+05,1e+05,TRUE,1,"CYcxx8EWgRDQDgYrr1"
112,"songdrop",30000,15000,10000,TRUE,1,"CYcxx8EWgRDQDgYrr1"
1388,"songdrop",30000,28000,23000,TRUE,1,"CYcxx8EWgRDQDgYrr1"
534,"songdrop",30000,20000,20000,TRUE,1,"CYcxx8EWgRDQDgYrr1"
169,"songdrop",30000,20000,20000,TRUE,1,"CYcxx8EWgRDQDgYrr1"
843,"songdrop",30000,21000,15000,TRUE,1,"CYcxx8EWgRDQDgYrr1"
1355,"songdrop",30000,60000,50000,TRUE,1,"CYcxx8EWgRDQDgYrr1"
479,"songdrop",30000,10000,35000,TRUE,1,"CYcxx8EWgRDQDgYrr1"
742,"songdrop",30000,65000,21000,TRUE,1,"CYcxx8EWgRDQDgYrr1"
248,"songdrop",30000,50000,35000,TRUE,1,"CYcxx8EWgRDQDgYrr1"
193,"songdrop",30000,500,20000,TRUE,1,"CYcxx8EWgRDQDgYrr1"
628,"songdrop",30000,15000,20000,TRUE,1,"CYcxx8EWgRDQDgYrr1"
789,"songdrop",30000,NA,1500,FALSE,1,"CYcxx8EWgRDQDgYrr1"
532,"headphones",142770,NA,2e+05,FALSE,1,"dncWdA8zokdaNNftM1"
344,"headphones",142770,2e+05,2e+05,TRUE,1,"dncWdA8zokdaNNftM1"
354,"headphones",142770,250000,2e+05,TRUE,1,"dncWdA8zokdaNNftM1"
1173,"headphones",142770,75000,225000,TRUE,1,"dncWdA8zokdaNNftM1"
1031,"headphones",142770,100,1e+05,TRUE,1,"dncWdA8zokdaNNftM1"
886,"headphones",142770,2e+05,225000,TRUE,1,"dncWdA8zokdaNNftM1"
832,"headphones",142770,110000,2e+05,TRUE,1,"dncWdA8zokdaNNftM1"
1419,"headphones",142770,120000,120000,TRUE,1,"dncWdA8zokdaNNftM1"
21,"headphones",142770,50000,90000,TRUE,1,"dncWdA8zokdaNNftM1"
539,"headphones",142770,5e+05,2e+05,TRUE,1,"dncWdA8zokdaNNftM1"
761,"headphones",142770,20000,180000,TRUE,1,"dncWdA8zokdaNNftM1"
1375,"headphones",142770,1e+05,2e+05,TRUE,1,"dncWdA8zokdaNNftM1"
1008,"headphones",142770,130000,270000,TRUE,1,"dncWdA8zokdaNNftM1"
971,"headphones",142770,40000,2e+05,TRUE,1,"dncWdA8zokdaNNftM1"
1199,"headphones",142770,3e+05,2e+05,TRUE,1,"dncWdA8zokdaNNftM1"
1176,"headphones",142770,75000,125000,TRUE,1,"dncWdA8zokdaNNftM1"
377,"headphones",142770,2e+05,2e+05,TRUE,1,"dncWdA8zokdaNNftM1"
606,"headphones",142770,125000,2e+05,TRUE,1,"dncWdA8zokdaNNftM1"
991,"headphones",142770,2e+05,2e+05,TRUE,1,"dncWdA8zokdaNNftM1"
99,"headphones",142770,75000,178000,TRUE,1,"dncWdA8zokdaNNftM1"
740,"songdrop",30000,47000,42000,TRUE,2,"EWYCXxpH7totWFikb2"
1340,"songdrop",30000,NA,9000,FALSE,1,"EWYCXxpH7totWFikb1"
570,"songdrop",30000,9000,5000,TRUE,2,"EWYCXxpH7totWFikb2"
229,"songdrop",30000,5000,5000,TRUE,2,"EWYCXxpH7totWFikb2"
188,"songdrop",30000,NA,15000,FALSE,1,"EWYCXxpH7totWFikb1"
1212,"songdrop",30000,30000,25000,TRUE,1,"EWYCXxpH7totWFikb1"
1232,"songdrop",30000,10000,10000,TRUE,2,"EWYCXxpH7totWFikb2"
1293,"songdrop",30000,10000,8000,TRUE,2,"EWYCXxpH7totWFikb2"
441,"songdrop",30000,1e+06,60000,TRUE,2,"EWYCXxpH7totWFikb2"
579,"songdrop",30000,50000,30000,TRUE,1,"EWYCXxpH7totWFikb1"
688,"songdrop",30000,15000,8000,TRUE,1,"EWYCXxpH7totWFikb1"
1147,"songdrop",30000,50000,50000,TRUE,1,"EWYCXxpH7totWFikb1"
1114,"songdrop",30000,20000,19000,TRUE,1,"EWYCXxpH7totWFikb1"
439,"songdrop",30000,400,49,TRUE,2,"EWYCXxpH7totWFikb2"
1331,"songdrop",30000,50000,15000,TRUE,1,"EWYCXxpH7totWFikb1"
88,"songdrop",30000,6000,6000,TRUE,1,"EWYCXxpH7totWFikb1"
1166,"songdrop",30000,15000,2000,TRUE,2,"EWYCXxpH7totWFikb2"
1085,"songdrop",30000,60000,22000,TRUE,2,"EWYCXxpH7totWFikb2"
431,"songdrop",30000,8000,8000,TRUE,2,"EWYCXxpH7totWFikb2"
40,"songdrop",30000,NA,NA,FALSE,1,"EWYCXxpH7totWFikb1"
416,"songdrop",30000,30000,1e+05,TRUE,2,"EWYCXxpH7totWFikb2"
691,"songdrop",30000,NA,15000,FALSE,1,"EWYCXxpH7totWFikb1"
47,"songdrop",30000,NA,35000,FALSE,2,"EWYCXxpH7totWFikb2"
927,"songdrop",30000,40000,40000,TRUE,2,"EWYCXxpH7totWFikb2"
1131,"songdrop",30000,NA,10000,FALSE,1,"EWYCXxpH7totWFikb1"
790,"songdrop",30000,20000,10000,TRUE,2,"EWYCXxpH7totWFikb2"
521,"songdrop",30000,35000,23000,TRUE,2,"EWYCXxpH7totWFikb2"
82,"songdrop",30000,19000,19000,TRUE,1,"EWYCXxpH7totWFikb1"
701,"songdrop",30000,25090,NA,FALSE,1,"EWYCXxpH7totWFikb1"
409,"songdrop",30000,35000,35000,TRUE,2,"EWYCXxpH7totWFikb2"
649,"songdrop",30000,NA,15000,FALSE,1,"EWYCXxpH7totWFikb1"
152,"songdrop",30000,NA,10500,FALSE,1,"EWYCXxpH7totWFikb1"
1273,"songdrop",30000,42000,35000,TRUE,2,"EWYCXxpH7totWFikb2"
623,"songdrop",30000,10000,10000,TRUE,1,"EWYCXxpH7totWFikb1"
371,"songdrop",30000,25000,20000,TRUE,1,"EWYCXxpH7totWFikb1"
305,"songdrop",30000,30000,15000,TRUE,1,"EWYCXxpH7totWFikb1"
43,"songdrop",30000,19000,12000,TRUE,2,"EWYCXxpH7totWFikb2"
228,"songdrop",30000,8,20000,TRUE,2,"EWYCXxpH7totWFikb2"
1207,"songdrop",30000,15000,15000,TRUE,2,"EWYCXxpH7totWFikb2"
768,"songdrop",30000,40000,12500,TRUE,1,"EWYCXxpH7totWFikb1"
548,"yemen",609,425,550,TRUE,1,"ffGhseFHjGuQNWGR61"
1153,"yemen",609,900,900,TRUE,1,"ffGhseFHjGuQNWGR61"
1230,"yemen",609,1000,700,TRUE,1,"ffGhseFHjGuQNWGR61"
102,"yemen",609,850,700,TRUE,1,"ffGhseFHjGuQNWGR61"
960,"yemen",609,3000,750,TRUE,1,"ffGhseFHjGuQNWGR61"
98,"yemen",609,341,532,TRUE,1,"ffGhseFHjGuQNWGR61"
117,"yemen",609,400,400,TRUE,1,"ffGhseFHjGuQNWGR61"
769,"yemen",609,912,1200,TRUE,1,"ffGhseFHjGuQNWGR61"
584,"yemen",609,510,550,TRUE,1,"ffGhseFHjGuQNWGR61"
170,"yemen",609,800,750,TRUE,1,"ffGhseFHjGuQNWGR61"
747,"yemen",609,752,752,TRUE,1,"ffGhseFHjGuQNWGR61"
33,"yemen",609,500,700,TRUE,1,"ffGhseFHjGuQNWGR61"
901,"yemen",609,NA,850,FALSE,1,"ffGhseFHjGuQNWGR61"
308,"yemen",609,700,500,TRUE,1,"ffGhseFHjGuQNWGR61"
1295,"yemen",609,1000,1000,TRUE,1,"ffGhseFHjGuQNWGR61"
1179,"yemen",609,652,652,TRUE,1,"ffGhseFHjGuQNWGR61"
487,"yemen",609,11,700,TRUE,1,"ffGhseFHjGuQNWGR61"
1021,"yemen",609,1000,1000,TRUE,1,"ffGhseFHjGuQNWGR61"
675,"yemen",609,1200,1050,TRUE,1,"ffGhseFHjGuQNWGR61"
1180,"yemen",609,700,700,TRUE,1,"ffGhseFHjGuQNWGR61"
710,"vangogh",10,2,3,TRUE,2,"gJPrrCrxWYghxwctt2"
652,"vangogh",10,3,3,TRUE,2,"gJPrrCrxWYghxwctt2"
899,"vangogh",10,30,35,TRUE,2,"gJPrrCrxWYghxwctt2"
38,"vangogh",10,1.8,2.3,TRUE,1,"gJPrrCrxWYghxwctt1"
975,"vangogh",10,5,2.5,TRUE,1,"gJPrrCrxWYghxwctt1"
119,"vangogh",10,1,3,TRUE,1,"gJPrrCrxWYghxwctt1"
515,"vangogh",10,1,3.5,TRUE,2,"gJPrrCrxWYghxwctt2"
733,"vangogh",10,6,1.8,TRUE,1,"gJPrrCrxWYghxwctt1"
84,"vangogh",10,4,3.6,TRUE,2,"gJPrrCrxWYghxwctt2"
1184,"vangogh",10,40,NA,FALSE,1,"gJPrrCrxWYghxwctt1"
497,"vangogh",10,2500000,2.5,TRUE,2,"gJPrrCrxWYghxwctt2"
60,"vangogh",10,3,3,TRUE,2,"gJPrrCrxWYghxwctt2"
949,"vangogh",10,3.5,4,TRUE,2,"gJPrrCrxWYghxwctt2"
1071,"vangogh",10,1.2,1.5,TRUE,1,"gJPrrCrxWYghxwctt1"
1165,"vangogh",10,3,3,TRUE,1,"gJPrrCrxWYghxwctt1"
346,"vangogh",10,5,3,TRUE,1,"gJPrrCrxWYghxwctt1"
634,"vangogh",10,400,5,TRUE,2,"gJPrrCrxWYghxwctt2"
968,"vangogh",10,1,1,TRUE,2,"gJPrrCrxWYghxwctt2"
1235,"vangogh",10,1.2,2.7,TRUE,1,"gJPrrCrxWYghxwctt1"
438,"vangogh",10,20,3,TRUE,1,"gJPrrCrxWYghxwctt1"
603,"vangogh",10,25,7,TRUE,2,"gJPrrCrxWYghxwctt2"
309,"vangogh",10,7,3,TRUE,2,"gJPrrCrxWYghxwctt2"
921,"vangogh",10,NA,0.1,FALSE,2,"gJPrrCrxWYghxwctt2"
963,"vangogh",10,2.3,3,TRUE,1,"gJPrrCrxWYghxwctt1"
368,"vangogh",10,18,18,TRUE,2,"gJPrrCrxWYghxwctt2"
1386,"vangogh",10,2,2,TRUE,2,"gJPrrCrxWYghxwctt2"
50,"vangogh",10,12,3,TRUE,2,"gJPrrCrxWYghxwctt2"
244,"vangogh",10,4,3,TRUE,1,"gJPrrCrxWYghxwctt1"
1239,"vangogh",10,0.5,2,TRUE,2,"gJPrrCrxWYghxwctt2"
1378,"vangogh",10,1.5,3,TRUE,1,"gJPrrCrxWYghxwctt1"
97,"vangogh",10,2.5,3,TRUE,1,"gJPrrCrxWYghxwctt1"
939,"vangogh",10,4.5,4.5,TRUE,2,"gJPrrCrxWYghxwctt2"
526,"vangogh",10,3,3,TRUE,1,"gJPrrCrxWYghxwctt1"
74,"vangogh",10,3,3,TRUE,1,"gJPrrCrxWYghxwctt1"
1252,"vangogh",10,3.5,3,TRUE,1,"gJPrrCrxWYghxwctt1"
113,"vangogh",10,2.7,2.7,TRUE,1,"gJPrrCrxWYghxwctt1"
1420,"vangogh",10,96,92,TRUE,2,"gJPrrCrxWYghxwctt2"
718,"vangogh",10,3,5,TRUE,2,"gJPrrCrxWYghxwctt2"
1362,"vangogh",10,NA,3,FALSE,1,"gJPrrCrxWYghxwctt1"
731,"vangogh",10,1,1.5,TRUE,1,"gJPrrCrxWYghxwctt1"
637,"syria",1501,900,NA,FALSE,1,"GKgGn23YNhSz5EBkY1"
824,"syria",1501,124,1540,TRUE,1,"GKgGn23YNhSz5EBkY1"
748,"syria",1501,1240,NA,FALSE,2,"GKgGn23YNhSz5EBkY2"
1359,"syria",1501,8,1200,TRUE,2,"GKgGn23YNhSz5EBkY2"
374,"syria",1501,1200,1200,TRUE,2,"GKgGn23YNhSz5EBkY2"
512,"syria",1501,5000,5000,TRUE,2,"GKgGn23YNhSz5EBkY2"
440,"syria",1501,650,1000,TRUE,2,"GKgGn23YNhSz5EBkY2"
274,"syria",1501,210,210,TRUE,1,"GKgGn23YNhSz5EBkY1"
734,"syria",1501,78,1200,TRUE,2,"GKgGn23YNhSz5EBkY2"
382,"syria",1501,841,1800,TRUE,2,"GKgGn23YNhSz5EBkY2"
1264,"syria",1501,500,600,TRUE,2,"GKgGn23YNhSz5EBkY2"
567,"syria",1501,2,100,TRUE,2,"GKgGn23YNhSz5EBkY2"
744,"syria",1501,500,750,TRUE,2,"GKgGn23YNhSz5EBkY2"
1096,"syria",1501,2000,20000,TRUE,1,"GKgGn23YNhSz5EBkY1"
1389,"syria",1501,2000,2000,TRUE,1,"GKgGn23YNhSz5EBkY1"
904,"syria",1501,900,900,TRUE,1,"GKgGn23YNhSz5EBkY1"
525,"syria",1501,1000,1000,TRUE,1,"GKgGn23YNhSz5EBkY1"
855,"syria",1501,819,1781,TRUE,2,"GKgGn23YNhSz5EBkY2"
325,"syria",1501,100,4e+05,TRUE,1,"GKgGn23YNhSz5EBkY1"
52,"syria",1501,500,750,TRUE,1,"GKgGn23YNhSz5EBkY1"
553,"syria",1501,NA,1450,FALSE,1,"GKgGn23YNhSz5EBkY1"
132,"syria",1501,2000,1850,TRUE,1,"GKgGn23YNhSz5EBkY1"
1053,"syria",1501,2103,2200,TRUE,1,"GKgGn23YNhSz5EBkY1"
774,"syria",1501,976,976,TRUE,2,"GKgGn23YNhSz5EBkY2"
353,"syria",1501,250,250,TRUE,2,"GKgGn23YNhSz5EBkY2"
427,"syria",1501,3000,3000,TRUE,2,"GKgGn23YNhSz5EBkY2"
1056,"syria",1501,1000,1000,TRUE,1,"GKgGn23YNhSz5EBkY1"
808,"syria",1501,1000,1200,TRUE,1,"GKgGn23YNhSz5EBkY1"
318,"syria",1501,600,900,TRUE,1,"GKgGn23YNhSz5EBkY1"
51,"syria",1501,1000,1250,TRUE,1,"GKgGn23YNhSz5EBkY1"
348,"syria",1501,921,1349,TRUE,1,"GKgGn23YNhSz5EBkY1"
695,"syria",1501,1678,1800,TRUE,2,"GKgGn23YNhSz5EBkY2"
820,"syria",1501,25,25,TRUE,2,"GKgGn23YNhSz5EBkY2"
455,"syria",1501,600,550,TRUE,1,"GKgGn23YNhSz5EBkY1"
1139,"syria",1501,1000,1000,TRUE,2,"GKgGn23YNhSz5EBkY2"
276,"syria",1501,1008,1200,TRUE,2,"GKgGn23YNhSz5EBkY2"
486,"syria",1501,1011,1200,TRUE,1,"GKgGn23YNhSz5EBkY1"
685,"syria",1501,10,880,TRUE,2,"GKgGn23YNhSz5EBkY2"
241,"syria",1501,700,750,TRUE,2,"GKgGn23YNhSz5EBkY2"
1221,"syria",1501,650,1750,TRUE,1,"GKgGn23YNhSz5EBkY1"
516,"headphones",142770,250000,175000,TRUE,1,"gMmjyE3E8m63wigyN1"
736,"headphones",142770,150289,140520,TRUE,1,"gMmjyE3E8m63wigyN1"
293,"headphones",142770,5e+05,135000,TRUE,1,"gMmjyE3E8m63wigyN1"
838,"headphones",142770,50000,135000,TRUE,1,"gMmjyE3E8m63wigyN1"
19,"headphones",142770,65000,135000,TRUE,1,"gMmjyE3E8m63wigyN1"
1353,"headphones",142770,120000,135000,TRUE,1,"gMmjyE3E8m63wigyN1"
1126,"headphones",142770,1e+05,10000,TRUE,1,"gMmjyE3E8m63wigyN1"
1178,"headphones",142770,2e+05,2e+05,TRUE,1,"gMmjyE3E8m63wigyN1"
1308,"headphones",142770,115000,130000,TRUE,1,"gMmjyE3E8m63wigyN1"
406,"headphones",142770,125000,120000,TRUE,1,"gMmjyE3E8m63wigyN1"
737,"headphones",142770,140000,2e+05,TRUE,1,"gMmjyE3E8m63wigyN1"
1258,"headphones",142770,125000,135000,TRUE,1,"gMmjyE3E8m63wigyN1"
624,"headphones",142770,150000,135000,TRUE,1,"gMmjyE3E8m63wigyN1"
985,"headphones",142770,25000,135000,TRUE,1,"gMmjyE3E8m63wigyN1"
171,"headphones",142770,50000,135000,TRUE,1,"gMmjyE3E8m63wigyN1"
972,"headphones",142770,120000,120000,TRUE,1,"gMmjyE3E8m63wigyN1"
687,"headphones",142770,2e+05,135000,TRUE,1,"gMmjyE3E8m63wigyN1"
404,"headphones",142770,125000,125000,TRUE,1,"gMmjyE3E8m63wigyN1"
18,"headphones",142770,NA,135000,FALSE,1,"gMmjyE3E8m63wigyN1"
616,"headphones",142770,2e+05,2e+05,TRUE,1,"gMmjyE3E8m63wigyN1"
156,"vangogh",10,1,3.6,TRUE,1,"hafnksS77DJYaCkgL1"
101,"vangogh",10,6,6,TRUE,2,"hafnksS77DJYaCkgL2"
1099,"vangogh",10,5,3.5,TRUE,1,"hafnksS77DJYaCkgL1"
14,"vangogh",10,2.5,5.5,TRUE,1,"hafnksS77DJYaCkgL1"
791,"vangogh",10,1.75,8,TRUE,1,"hafnksS77DJYaCkgL1"
1124,"vangogh",10,1,1.5,TRUE,2,"hafnksS77DJYaCkgL2"
251,"vangogh",10,24,3.4,TRUE,1,"hafnksS77DJYaCkgL1"
868,"vangogh",10,40,3.62,TRUE,1,"hafnksS77DJYaCkgL1"
495,"vangogh",10,3.5,3.5,TRUE,1,"hafnksS77DJYaCkgL1"
312,"vangogh",10,8,3.6,TRUE,1,"hafnksS77DJYaCkgL1"
714,"vangogh",10,25,5,TRUE,2,"hafnksS77DJYaCkgL2"
106,"vangogh",10,NA,3.5,FALSE,2,"hafnksS77DJYaCkgL2"
934,"vangogh",10,NA,3.5,FALSE,1,"hafnksS77DJYaCkgL1"
1321,"vangogh",10,2.5,4,TRUE,2,"hafnksS77DJYaCkgL2"
1395,"vangogh",10,1.5,1.5,TRUE,1,"hafnksS77DJYaCkgL1"
175,"vangogh",10,8.9,8.2,TRUE,1,"hafnksS77DJYaCkgL1"
1396,"vangogh",10,2.5,3.65,TRUE,1,"hafnksS77DJYaCkgL1"
671,"vangogh",10,14,27,TRUE,1,"hafnksS77DJYaCkgL1"
594,"vangogh",10,NA,3,FALSE,2,"hafnksS77DJYaCkgL2"
1084,"vangogh",10,2.75,3.65,TRUE,1,"hafnksS77DJYaCkgL1"
480,"vangogh",10,1,3,TRUE,2,"hafnksS77DJYaCkgL2"
275,"vangogh",10,3,8,TRUE,2,"hafnksS77DJYaCkgL2"
182,"vangogh",10,50,15,TRUE,2,"hafnksS77DJYaCkgL2"
223,"vangogh",10,13,3.2,TRUE,2,"hafnksS77DJYaCkgL2"
969,"vangogh",10,30,5,TRUE,2,"hafnksS77DJYaCkgL2"
67,"vangogh",10,2,3.5,TRUE,2,"hafnksS77DJYaCkgL2"
533,"vangogh",10,3.5,3.5,TRUE,2,"hafnksS77DJYaCkgL2"
243,"vangogh",10,3,3.6,TRUE,1,"hafnksS77DJYaCkgL1"
402,"vangogh",10,0.3,NA,FALSE,1,"hafnksS77DJYaCkgL1"
561,"vangogh",10,3,4,TRUE,1,"hafnksS77DJYaCkgL1"
806,"vangogh",10,1.2,2.5,TRUE,2,"hafnksS77DJYaCkgL2"
1172,"vangogh",10,0.75,3.65,TRUE,1,"hafnksS77DJYaCkgL1"
87,"vangogh",10,2.2,3.2,TRUE,2,"hafnksS77DJYaCkgL2"
586,"vangogh",10,2,3.5,TRUE,2,"hafnksS77DJYaCkgL2"
576,"vangogh",10,NA,1,FALSE,2,"hafnksS77DJYaCkgL2"
926,"vangogh",10,2,2.5,TRUE,2,"hafnksS77DJYaCkgL2"
989,"vangogh",10,2,3.5,TRUE,1,"hafnksS77DJYaCkgL1"
131,"vangogh",10,3,18,TRUE,2,"hafnksS77DJYaCkgL2"
1384,"vangogh",10,1.5,3.5,TRUE,1,"hafnksS77DJYaCkgL1"
1381,"vangogh",10,2,2,TRUE,2,"hafnksS77DJYaCkgL2"
743,"picasso",29.6,0.6,NA,FALSE,2,"i5LXjWwrLCaayP6M52"
629,"picasso",29.6,25,NA,FALSE,2,"i5LXjWwrLCaayP6M52"
1332,"picasso",29.6,3,29,TRUE,1,"i5LXjWwrLCaayP6M51"
231,"picasso",29.6,1,450,TRUE,2,"i5LXjWwrLCaayP6M52"
1342,"picasso",29.6,NA,10,FALSE,2,"i5LXjWwrLCaayP6M52"
1182,"picasso",29.6,10,29,TRUE,1,"i5LXjWwrLCaayP6M51"
333,"picasso",29.6,11,60,TRUE,2,"i5LXjWwrLCaayP6M52"
1014,"picasso",29.6,25,29.6,TRUE,1,"i5LXjWwrLCaayP6M51"
549,"picasso",29.6,150,170,TRUE,2,"i5LXjWwrLCaayP6M52"
1305,"picasso",29.6,5,40,TRUE,2,"i5LXjWwrLCaayP6M52"
959,"picasso",29.6,4e+05,4,TRUE,2,"i5LXjWwrLCaayP6M52"
1168,"picasso",29.6,20,50,TRUE,2,"i5LXjWwrLCaayP6M52"
331,"picasso",29.6,10,75,TRUE,2,"i5LXjWwrLCaayP6M52"
1337,"picasso",29.6,4,25,TRUE,2,"i5LXjWwrLCaayP6M52"
925,"picasso",29.6,2,15,TRUE,2,"i5LXjWwrLCaayP6M52"
711,"picasso",29.6,0.3,13,TRUE,1,"i5LXjWwrLCaayP6M51"
931,"picasso",29.6,NA,29.6,FALSE,1,"i5LXjWwrLCaayP6M51"
947,"picasso",29.6,3,30,TRUE,2,"i5LXjWwrLCaayP6M52"
1043,"picasso",29.6,1.5,28.5,TRUE,1,"i5LXjWwrLCaayP6M51"
1156,"picasso",29.6,5,29.5,TRUE,2,"i5LXjWwrLCaayP6M52"
239,"picasso",29.6,30,13,TRUE,1,"i5LXjWwrLCaayP6M51"
612,"picasso",29.6,127,29,TRUE,1,"i5LXjWwrLCaayP6M51"
1266,"picasso",29.6,60,30,TRUE,2,"i5LXjWwrLCaayP6M52"
709,"picasso",29.6,23,NA,FALSE,1,"i5LXjWwrLCaayP6M51"
247,"picasso",29.6,5,29,TRUE,1,"i5LXjWwrLCaayP6M51"
164,"picasso",29.6,0.75,24,TRUE,1,"i5LXjWwrLCaayP6M51"
587,"picasso",29.6,4,29,TRUE,1,"i5LXjWwrLCaayP6M51"
200,"picasso",29.6,0.5,29,TRUE,1,"i5LXjWwrLCaayP6M51"
449,"picasso",29.6,NA,120,FALSE,2,"i5LXjWwrLCaayP6M52"
58,"picasso",29.6,0.75,13,TRUE,1,"i5LXjWwrLCaayP6M51"
1190,"picasso",29.6,50,50,TRUE,2,"i5LXjWwrLCaayP6M52"
23,"picasso",29.6,2.5,5.2,TRUE,1,"i5LXjWwrLCaayP6M51"
1358,"picasso",29.6,6,30,TRUE,2,"i5LXjWwrLCaayP6M52"
1210,"picasso",29.6,2,4,TRUE,1,"i5LXjWwrLCaayP6M51"
1060,"picasso",29.6,70,29,TRUE,1,"i5LXjWwrLCaayP6M51"
951,"picasso",29.6,5,28,TRUE,2,"i5LXjWwrLCaayP6M52"
1367,"picasso",29.6,11,15,TRUE,1,"i5LXjWwrLCaayP6M51"
166,"picasso",29.6,6,29.6,TRUE,1,"i5LXjWwrLCaayP6M51"
941,"picasso",29.6,1.5,1.5,TRUE,2,"i5LXjWwrLCaayP6M52"
848,"picasso",29.6,4,8,TRUE,1,"i5LXjWwrLCaayP6M51"
1371,"philly",570,NA,1200,FALSE,2,"ikStGojn5PnLJdfxd2"
668,"philly",570,1000,1000,TRUE,2,"ikStGojn5PnLJdfxd2"
607,"philly",570,37,852,TRUE,3,"ikStGojn5PnLJdfxd3"
1047,"philly",570,50,1000,TRUE,3,"ikStGojn5PnLJdfxd3"
154,"philly",570,1000,1000,TRUE,1,"ikStGojn5PnLJdfxd1"
422,"philly",570,1200,984,TRUE,2,"ikStGojn5PnLJdfxd2"
250,"philly",570,600,950,TRUE,1,"ikStGojn5PnLJdfxd1"
1094,"philly",570,3000,1750,TRUE,2,"ikStGojn5PnLJdfxd2"
845,"philly",570,1028,850,TRUE,3,"ikStGojn5PnLJdfxd3"
4,"philly",570,825,825,TRUE,3,"ikStGojn5PnLJdfxd3"
460,"philly",570,800,900,TRUE,3,"ikStGojn5PnLJdfxd3"
66,"philly",570,850,2300,TRUE,3,"ikStGojn5PnLJdfxd3"
1154,"philly",570,1000,900,TRUE,1,"ikStGojn5PnLJdfxd1"
195,"philly",570,1000,1000,TRUE,1,"ikStGojn5PnLJdfxd1"
283,"philly",570,2000,1200,TRUE,1,"ikStGojn5PnLJdfxd1"
375,"philly",570,800,1000,TRUE,2,"ikStGojn5PnLJdfxd2"
1234,"philly",570,1200,1200,TRUE,3,"ikStGojn5PnLJdfxd3"
201,"philly",570,205,1000,TRUE,2,"ikStGojn5PnLJdfxd2"
288,"philly",570,NA,1000,FALSE,1,"ikStGojn5PnLJdfxd1"
622,"philly",570,400,450,TRUE,1,"ikStGojn5PnLJdfxd1"
1038,"philly",570,30,950,TRUE,2,"ikStGojn5PnLJdfxd2"
1086,"philly",570,781,1000,TRUE,3,"ikStGojn5PnLJdfxd3"
2,"philly",570,1000,1000,TRUE,3,"ikStGojn5PnLJdfxd3"
902,"philly",570,1113,900,TRUE,3,"ikStGojn5PnLJdfxd3"
1167,"philly",570,1000,1000,TRUE,3,"ikStGojn5PnLJdfxd3"
6,"philly",570,2103,1200,TRUE,3,"ikStGojn5PnLJdfxd3"
681,"philly",570,1000,1000,TRUE,3,"ikStGojn5PnLJdfxd3"
1116,"philly",570,785,845,TRUE,1,"ikStGojn5PnLJdfxd1"
153,"philly",570,1300,1200,TRUE,3,"ikStGojn5PnLJdfxd3"
5,"philly",570,1500,1100,TRUE,3,"ikStGojn5PnLJdfxd3"
361,"philly",570,1005,1000,TRUE,1,"ikStGojn5PnLJdfxd1"
796,"philly",570,1000,1000,TRUE,1,"ikStGojn5PnLJdfxd1"
862,"philly",570,79,952,TRUE,3,"ikStGojn5PnLJdfxd3"
178,"philly",570,1500,1275,TRUE,1,"ikStGojn5PnLJdfxd1"
1142,"philly",570,390,390,TRUE,3,"ikStGojn5PnLJdfxd3"
819,"philly",570,760,840,TRUE,1,"ikStGojn5PnLJdfxd1"
1022,"philly",570,950,950,TRUE,2,"ikStGojn5PnLJdfxd2"
693,"philly",570,1058,NA,FALSE,2,"ikStGojn5PnLJdfxd2"
703,"philly",570,2000,1500,TRUE,1,"ikStGojn5PnLJdfxd1"
1345,"philly",570,NA,NA,FALSE,2,"ikStGojn5PnLJdfxd2"
262,"philly",570,800,800,TRUE,2,"ikStGojn5PnLJdfxd2"
1285,"philly",570,700,800,TRUE,2,"ikStGojn5PnLJdfxd2"
255,"philly",570,350,1000,TRUE,1,"ikStGojn5PnLJdfxd1"
956,"philly",570,100,900,TRUE,1,"ikStGojn5PnLJdfxd1"
1319,"philly",570,750,1300,TRUE,2,"ikStGojn5PnLJdfxd2"
322,"philly",570,1500,1500,TRUE,3,"ikStGojn5PnLJdfxd3"
204,"philly",570,1000,1000,TRUE,3,"ikStGojn5PnLJdfxd3"
410,"philly",570,10000,1200,TRUE,1,"ikStGojn5PnLJdfxd1"
1407,"philly",570,1000,1000,TRUE,1,"ikStGojn5PnLJdfxd1"
911,"philly",570,1500,1400,TRUE,2,"ikStGojn5PnLJdfxd2"
1397,"philly",570,1300,1300,TRUE,2,"ikStGojn5PnLJdfxd2"
158,"philly",570,800,900,TRUE,1,"ikStGojn5PnLJdfxd1"
1132,"philly",570,1567,1313,TRUE,2,"ikStGojn5PnLJdfxd2"
494,"philly",570,1000,1000,TRUE,2,"ikStGojn5PnLJdfxd2"
599,"philly",570,800,830,TRUE,2,"ikStGojn5PnLJdfxd2"
1278,"philly",570,950,1020,TRUE,1,"ikStGojn5PnLJdfxd1"
611,"philly",570,1500,1200,TRUE,3,"ikStGojn5PnLJdfxd3"
627,"philly",570,870,870,TRUE,2,"ikStGojn5PnLJdfxd2"
932,"philly",570,1421,NA,FALSE,2,"ikStGojn5PnLJdfxd2"
1077,"philly",570,1000,1000,TRUE,1,"ikStGojn5PnLJdfxd1"
105,"philly",570,800,829,TRUE,1,"iMBzoATbaiNdc9ttc1"
775,"philly",570,1600,800,TRUE,1,"iMBzoATbaiNdc9ttc1"
1162,"philly",570,986,800,TRUE,1,"iMBzoATbaiNdc9ttc1"
1379,"philly",570,1050,950,TRUE,1,"iMBzoATbaiNdc9ttc1"
476,"philly",570,850,875,TRUE,1,"iMBzoATbaiNdc9ttc1"
324,"philly",570,578,1200,TRUE,1,"iMBzoATbaiNdc9ttc1"
1366,"philly",570,650,700,TRUE,2,"iMBzoATbaiNdc9ttc2"
381,"philly",570,935,935,TRUE,1,"iMBzoATbaiNdc9ttc1"
442,"philly",570,89,680,TRUE,1,"iMBzoATbaiNdc9ttc1"
339,"philly",570,1300,1200,TRUE,2,"iMBzoATbaiNdc9ttc2"
807,"philly",570,NA,900,FALSE,2,"iMBzoATbaiNdc9ttc2"
666,"philly",570,1500,350,TRUE,2,"iMBzoATbaiNdc9ttc2"
1350,"philly",570,500,650,TRUE,2,"iMBzoATbaiNdc9ttc2"
752,"philly",570,1136,875,TRUE,2,"iMBzoATbaiNdc9ttc2"
83,"philly",570,1250,1250,TRUE,2,"iMBzoATbaiNdc9ttc2"
970,"philly",570,1301,NA,FALSE,2,"iMBzoATbaiNdc9ttc2"
338,"philly",570,900,900,TRUE,1,"iMBzoATbaiNdc9ttc1"
1010,"philly",570,800,700,TRUE,1,"iMBzoATbaiNdc9ttc1"
350,"philly",570,NA,NA,FALSE,2,"iMBzoATbaiNdc9ttc2"
1198,"philly",570,1100,1100,TRUE,2,"iMBzoATbaiNdc9ttc2"
86,"philly",570,NA,800,FALSE,2,"iMBzoATbaiNdc9ttc2"
582,"philly",570,450,650,TRUE,2,"iMBzoATbaiNdc9ttc2"
1365,"philly",570,800,853,TRUE,1,"iMBzoATbaiNdc9ttc1"
930,"philly",570,1000,1000,TRUE,1,"iMBzoATbaiNdc9ttc1"
538,"philly",570,1300,1400,TRUE,2,"iMBzoATbaiNdc9ttc2"
453,"philly",570,2000,780,TRUE,2,"iMBzoATbaiNdc9ttc2"
864,"philly",570,1000,1200,TRUE,2,"iMBzoATbaiNdc9ttc2"
501,"philly",570,34,NA,FALSE,2,"iMBzoATbaiNdc9ttc2"
385,"philly",570,1221,950,TRUE,1,"iMBzoATbaiNdc9ttc1"
870,"philly",570,1000,900,TRUE,1,"iMBzoATbaiNdc9ttc1"
746,"philly",570,1250,1250,TRUE,1,"iMBzoATbaiNdc9ttc1"
217,"philly",570,875,600,TRUE,2,"iMBzoATbaiNdc9ttc2"
317,"philly",570,637,NA,FALSE,2,"iMBzoATbaiNdc9ttc2"
297,"philly",570,800,846,TRUE,1,"iMBzoATbaiNdc9ttc1"
1327,"philly",570,200,850,TRUE,1,"iMBzoATbaiNdc9ttc1"
613,"philly",570,1000,1000,TRUE,1,"iMBzoATbaiNdc9ttc1"
978,"philly",570,1000,1000,TRUE,1,"iMBzoATbaiNdc9ttc1"
773,"philly",570,1300,750,TRUE,1,"iMBzoATbaiNdc9ttc1"
59,"philly",570,1300,1300,TRUE,2,"iMBzoATbaiNdc9ttc2"
1262,"philly",570,600,800,TRUE,2,"iMBzoATbaiNdc9ttc2"
658,"headphones",142770,120000,125000,TRUE,1,"Jm6oHSCDxr8fa9RwM1"
7,"headphones",142770,2e+05,2e+05,TRUE,1,"Jm6oHSCDxr8fa9RwM1"
1070,"headphones",142770,2e+05,250000,TRUE,1,"Jm6oHSCDxr8fa9RwM1"
44,"headphones",142770,110000,150000,TRUE,1,"Jm6oHSCDxr8fa9RwM1"
535,"headphones",142770,75000,350000,TRUE,1,"Jm6oHSCDxr8fa9RwM1"
134,"headphones",142770,80000,1e+05,TRUE,1,"Jm6oHSCDxr8fa9RwM1"
1135,"headphones",142770,NA,NA,FALSE,1,"Jm6oHSCDxr8fa9RwM1"
895,"headphones",142770,85000,150000,TRUE,1,"Jm6oHSCDxr8fa9RwM1"
1146,"headphones",142770,1e+06,5e+05,TRUE,1,"Jm6oHSCDxr8fa9RwM1"
280,"headphones",142770,150000,150000,TRUE,1,"Jm6oHSCDxr8fa9RwM1"
1205,"headphones",142770,5e+05,250000,TRUE,1,"Jm6oHSCDxr8fa9RwM1"
575,"headphones",142770,150000,250000,TRUE,1,"Jm6oHSCDxr8fa9RwM1"
1110,"headphones",142770,5e+05,5e+05,TRUE,1,"Jm6oHSCDxr8fa9RwM1"
373,"headphones",142770,NA,NA,FALSE,1,"Jm6oHSCDxr8fa9RwM1"
213,"headphones",142770,5e+05,250000,TRUE,1,"Jm6oHSCDxr8fa9RwM1"
997,"headphones",142770,5e+05,5e+05,TRUE,1,"Jm6oHSCDxr8fa9RwM1"
958,"headphones",142770,20000,2e+05,TRUE,1,"Jm6oHSCDxr8fa9RwM1"
690,"headphones",142770,170000,NA,FALSE,1,"Jm6oHSCDxr8fa9RwM1"
830,"headphones",142770,10000,NA,FALSE,1,"Jm6oHSCDxr8fa9RwM1"
530,"headphones",142770,NA,40000,FALSE,1,"Jm6oHSCDxr8fa9RwM1"
841,"headphones",142770,150000,150000,TRUE,1,"kaa3uGM7nWD3TFD3s1"
1268,"headphones",142770,240000,148000,TRUE,1,"kaa3uGM7nWD3TFD3s1"
122,"headphones",142770,250,150000,TRUE,1,"kaa3uGM7nWD3TFD3s1"
11,"headphones",142770,5e+05,150000,TRUE,1,"kaa3uGM7nWD3TFD3s1"
1241,"headphones",142770,2e+05,150000,TRUE,1,"kaa3uGM7nWD3TFD3s1"
669,"headphones",142770,150000,150000,TRUE,1,"kaa3uGM7nWD3TFD3s1"
755,"headphones",142770,2e+05,150000,TRUE,1,"kaa3uGM7nWD3TFD3s1"
1333,"headphones",142770,250000,150000,TRUE,1,"kaa3uGM7nWD3TFD3s1"
1274,"headphones",142770,2e+05,175000,TRUE,1,"kaa3uGM7nWD3TFD3s1"
638,"headphones",142770,120000,175000,TRUE,1,"kaa3uGM7nWD3TFD3s1"
762,"headphones",142770,38000,150000,TRUE,1,"kaa3uGM7nWD3TFD3s1"
432,"headphones",142770,150000,150000,TRUE,1,"kaa3uGM7nWD3TFD3s1"
1041,"headphones",142770,140000,150000,TRUE,1,"kaa3uGM7nWD3TFD3s1"
1049,"headphones",142770,2e+05,150000,TRUE,1,"kaa3uGM7nWD3TFD3s1"
160,"headphones",142770,50000,150000,TRUE,1,"kaa3uGM7nWD3TFD3s1"
1023,"headphones",142770,10000,150,TRUE,1,"kaa3uGM7nWD3TFD3s1"
1348,"headphones",142770,150000,150000,TRUE,1,"kaa3uGM7nWD3TFD3s1"
1370,"headphones",142770,2e+05,175000,TRUE,1,"kaa3uGM7nWD3TFD3s1"
977,"headphones",142770,NA,150000,FALSE,1,"kaa3uGM7nWD3TFD3s1"
756,"headphones",142770,250000,140000,TRUE,1,"kaa3uGM7nWD3TFD3s1"
462,"songdrop",30000,NA,5000,FALSE,1,"Kb5Lyvt5kpcoS5YQD1"
1130,"songdrop",30000,20000,55000,TRUE,1,"Kb5Lyvt5kpcoS5YQD1"
1188,"songdrop",30000,20000,15000,TRUE,1,"Kb5Lyvt5kpcoS5YQD1"
617,"songdrop",30000,60000,60000,TRUE,1,"Kb5Lyvt5kpcoS5YQD1"
1013,"songdrop",30000,17000,12000,TRUE,1,"Kb5Lyvt5kpcoS5YQD1"
1315,"songdrop",30000,25000,20000,TRUE,1,"Kb5Lyvt5kpcoS5YQD1"
48,"songdrop",30000,60000,15000,TRUE,1,"Kb5Lyvt5kpcoS5YQD1"
95,"songdrop",30000,35000,15000,TRUE,1,"Kb5Lyvt5kpcoS5YQD1"
784,"songdrop",30000,NA,15000,FALSE,1,"Kb5Lyvt5kpcoS5YQD1"
240,"songdrop",30000,19000,13000,TRUE,1,"Kb5Lyvt5kpcoS5YQD1"
893,"songdrop",30000,25000,20000,TRUE,1,"Kb5Lyvt5kpcoS5YQD1"
1300,"songdrop",30000,5000,15000,TRUE,1,"Kb5Lyvt5kpcoS5YQD1"
803,"songdrop",30000,5000,12500,TRUE,1,"Kb5Lyvt5kpcoS5YQD1"
429,"songdrop",30000,NA,NA,FALSE,1,"Kb5Lyvt5kpcoS5YQD1"
1120,"songdrop",30000,5000,NA,FALSE,1,"Kb5Lyvt5kpcoS5YQD1"
1244,"songdrop",30000,15000,18000,TRUE,1,"Kb5Lyvt5kpcoS5YQD1"
399,"songdrop",30000,15000,12000,TRUE,1,"Kb5Lyvt5kpcoS5YQD1"
1255,"songdrop",30000,25000,15000,TRUE,1,"Kb5Lyvt5kpcoS5YQD1"
1106,"songdrop",30000,50000,40000,TRUE,1,"Kb5Lyvt5kpcoS5YQD1"
157,"songdrop",30000,65000,15000,TRUE,1,"Kb5Lyvt5kpcoS5YQD1"
443,"headphones",142770,1e+05,350,TRUE,1,"Lhn6zceQg6miTJCzv1"
129,"headphones",142770,175000,175000,TRUE,1,"Lhn6zceQg6miTJCzv1"
484,"headphones",142770,250000,2e+05,TRUE,1,"Lhn6zceQg6miTJCzv1"
32,"headphones",142770,175000,150000,TRUE,1,"Lhn6zceQg6miTJCzv1"
818,"headphones",142770,25000,2e+05,TRUE,1,"Lhn6zceQg6miTJCzv1"
715,"headphones",142770,5e+05,2e+05,TRUE,1,"Lhn6zceQg6miTJCzv1"
585,"headphones",142770,NA,NA,FALSE,1,"Lhn6zceQg6miTJCzv1"
772,"headphones",142770,250000,2e+05,TRUE,1,"Lhn6zceQg6miTJCzv1"
366,"headphones",142770,275000,250000,TRUE,1,"Lhn6zceQg6miTJCzv1"
1075,"headphones",142770,250000,2e+05,TRUE,1,"Lhn6zceQg6miTJCzv1"
527,"headphones",142770,325000,130000,TRUE,1,"Lhn6zceQg6miTJCzv1"
227,"headphones",142770,NA,2e+05,FALSE,1,"Lhn6zceQg6miTJCzv1"
1283,"headphones",142770,112000,120000,TRUE,1,"Lhn6zceQg6miTJCzv1"
929,"headphones",142770,125000,150000,TRUE,1,"Lhn6zceQg6miTJCzv1"
766,"headphones",142770,250000,250000,TRUE,1,"Lhn6zceQg6miTJCzv1"
1335,"headphones",142770,125000,NA,FALSE,1,"Lhn6zceQg6miTJCzv1"
100,"headphones",142770,NA,250000,FALSE,1,"Lhn6zceQg6miTJCzv1"
1151,"headphones",142770,5e+05,175000,TRUE,1,"Lhn6zceQg6miTJCzv1"
1382,"headphones",142770,150000,185000,TRUE,1,"Lhn6zceQg6miTJCzv1"
1108,"headphones",142770,150000,150000,TRUE,1,"Lhn6zceQg6miTJCzv1"
555,"headphones",142770,NA,2e+05,FALSE,1,"mHKgRvrmppcdn5qGm1"
500,"headphones",142770,80000,160000,TRUE,1,"mHKgRvrmppcdn5qGm1"
543,"headphones",142770,51000,110000,TRUE,1,"mHKgRvrmppcdn5qGm1"
279,"headphones",142770,30000,1e+05,TRUE,1,"mHKgRvrmppcdn5qGm1"
256,"headphones",142770,8000,150000,TRUE,1,"mHKgRvrmppcdn5qGm1"
1364,"headphones",142770,150000,150000,TRUE,1,"mHKgRvrmppcdn5qGm1"
1063,"headphones",142770,3e+06,250000,TRUE,1,"mHKgRvrmppcdn5qGm1"
614,"headphones",142770,33000,163000,TRUE,1,"mHKgRvrmppcdn5qGm1"
63,"headphones",142770,85000,105000,TRUE,1,"mHKgRvrmppcdn5qGm1"
665,"headphones",142770,50000,160000,TRUE,1,"mHKgRvrmppcdn5qGm1"
1005,"headphones",142770,20000,110000,TRUE,1,"mHKgRvrmppcdn5qGm1"
651,"headphones",142770,NA,1e+05,FALSE,1,"mHKgRvrmppcdn5qGm1"
850,"headphones",142770,NA,2e+05,FALSE,1,"mHKgRvrmppcdn5qGm1"
962,"headphones",142770,2e+05,2e+05,TRUE,1,"mHKgRvrmppcdn5qGm1"
1100,"headphones",142770,NA,150000,FALSE,1,"mHKgRvrmppcdn5qGm1"
728,"headphones",142770,150000,140000,TRUE,1,"mHKgRvrmppcdn5qGm1"
1228,"headphones",142770,120000,120000,TRUE,1,"mHKgRvrmppcdn5qGm1"
46,"headphones",142770,150000,2e+05,TRUE,1,"mHKgRvrmppcdn5qGm1"
1276,"headphones",142770,5000,250000,TRUE,1,"mHKgRvrmppcdn5qGm1"
80,"headphones",142770,NA,250000,FALSE,1,"mHKgRvrmppcdn5qGm1"
1242,"headphones",142770,5e+05,3e+05,TRUE,1,"N8CknFDn96pdtsdkH1"
136,"headphones",142770,NA,2e+05,FALSE,1,"N8CknFDn96pdtsdkH1"
1181,"headphones",142770,175000,3e+05,TRUE,1,"N8CknFDn96pdtsdkH1"
1016,"headphones",142770,70000,2e+05,TRUE,1,"N8CknFDn96pdtsdkH1"
412,"headphones",142770,150000,2e+05,TRUE,1,"N8CknFDn96pdtsdkH1"
813,"headphones",142770,120000,125000,TRUE,1,"N8CknFDn96pdtsdkH1"
1236,"headphones",142770,2e+05,2e+05,TRUE,1,"N8CknFDn96pdtsdkH1"
1347,"headphones",142770,96000,2e+05,TRUE,1,"N8CknFDn96pdtsdkH1"
1042,"headphones",142770,159000,2e+05,TRUE,1,"N8CknFDn96pdtsdkH1"
829,"headphones",142770,25000,2e+05,TRUE,1,"N8CknFDn96pdtsdkH1"
205,"headphones",142770,150000,150000,TRUE,1,"N8CknFDn96pdtsdkH1"
1303,"headphones",142770,75000,2e+05,TRUE,1,"N8CknFDn96pdtsdkH1"
389,"headphones",142770,250000,240000,TRUE,1,"N8CknFDn96pdtsdkH1"
1257,"headphones",142770,NA,NA,FALSE,1,"N8CknFDn96pdtsdkH1"
799,"headphones",142770,5e+05,250000,TRUE,1,"N8CknFDn96pdtsdkH1"
826,"headphones",142770,20000,175000,TRUE,1,"N8CknFDn96pdtsdkH1"
1373,"headphones",142770,80000,2e+05,TRUE,1,"N8CknFDn96pdtsdkH1"
1394,"headphones",142770,NA,2e+05,FALSE,1,"N8CknFDn96pdtsdkH1"
937,"headphones",142770,130000,2e+05,TRUE,1,"N8CknFDn96pdtsdkH1"
563,"headphones",142770,2e+05,2e+05,TRUE,1,"N8CknFDn96pdtsdkH1"
1214,"songdrop",30000,30000,25000,TRUE,2,"nHktCMm4d586c5Wou2"
1054,"songdrop",30000,NA,NA,FALSE,2,"nHktCMm4d586c5Wou2"
216,"songdrop",30000,13000,10000,TRUE,1,"nHktCMm4d586c5Wou1"
815,"songdrop",30000,15000,10000,TRUE,1,"nHktCMm4d586c5Wou1"
888,"songdrop",30000,1e+06,85000,TRUE,1,"nHktCMm4d586c5Wou1"
408,"songdrop",30000,10000,15000,TRUE,2,"nHktCMm4d586c5Wou2"
1328,"songdrop",30000,25000,20000,TRUE,2,"nHktCMm4d586c5Wou2"
993,"songdrop",30000,3,15000,TRUE,2,"nHktCMm4d586c5Wou2"
265,"songdrop",30000,15000,15000,TRUE,2,"nHktCMm4d586c5Wou2"
1204,"songdrop",30000,10000,10000,TRUE,1,"nHktCMm4d586c5Wou1"
822,"songdrop",30000,20000,20000,TRUE,1,"nHktCMm4d586c5Wou1"
70,"songdrop",30000,30000,22000,TRUE,2,"nHktCMm4d586c5Wou2"
1282,"songdrop",30000,40000,NA,FALSE,1,"nHktCMm4d586c5Wou1"
897,"songdrop",30000,10000,12000,TRUE,1,"nHktCMm4d586c5Wou1"
1033,"songdrop",30000,NA,10500,FALSE,2,"nHktCMm4d586c5Wou2"
592,"songdrop",30000,2000,NA,FALSE,1,"nHktCMm4d586c5Wou1"
505,"songdrop",30000,30000,23000,TRUE,1,"nHktCMm4d586c5Wou1"
1064,"songdrop",30000,10000,15000,TRUE,2,"nHktCMm4d586c5Wou2"
1351,"songdrop",30000,2500,2500,TRUE,1,"nHktCMm4d586c5Wou1"
64,"songdrop",30000,3000,10000,TRUE,1,"nHktCMm4d586c5Wou1"
458,"songdrop",30000,13000,10000,TRUE,1,"nHktCMm4d586c5Wou1"
659,"songdrop",30000,30000,20000,TRUE,2,"nHktCMm4d586c5Wou2"
284,"songdrop",30000,15000,NA,FALSE,2,"nHktCMm4d586c5Wou2"
1409,"songdrop",30000,50000,40000,TRUE,1,"nHktCMm4d586c5Wou1"
477,"songdrop",30000,32000,32000,TRUE,1,"nHktCMm4d586c5Wou1"
704,"songdrop",30000,35000,20000,TRUE,1,"nHktCMm4d586c5Wou1"
468,"songdrop",30000,50000,30000,TRUE,2,"nHktCMm4d586c5Wou2"
513,"songdrop",30000,35000,20000,TRUE,2,"nHktCMm4d586c5Wou2"
1223,"songdrop",30000,30000,30000,TRUE,2,"nHktCMm4d586c5Wou2"
957,"songdrop",30000,10000,10000,TRUE,1,"nHktCMm4d586c5Wou1"
602,"songdrop",30000,65000,40000,TRUE,1,"nHktCMm4d586c5Wou1"
1062,"songdrop",30000,20000,15000,TRUE,2,"nHktCMm4d586c5Wou2"
858,"songdrop",30000,18000,35000,TRUE,1,"nHktCMm4d586c5Wou1"
1253,"songdrop",30000,30000,NA,FALSE,2,"nHktCMm4d586c5Wou2"
481,"songdrop",30000,3500,2500,TRUE,2,"nHktCMm4d586c5Wou2"
810,"songdrop",30000,15000,20000,TRUE,2,"nHktCMm4d586c5Wou2"
923,"songdrop",30000,10000,10000,TRUE,1,"nHktCMm4d586c5Wou1"
302,"songdrop",30000,1200,20000,TRUE,2,"nHktCMm4d586c5Wou2"
792,"songdrop",30000,20,10000,TRUE,1,"nHktCMm4d586c5Wou1"
54,"songdrop",30000,20000,18000,TRUE,2,"nHktCMm4d586c5Wou2"
473,"yemen",609,2500,2600,TRUE,1,"oaxX2ELs7EZkrxsMY1"
85,"yemen",609,450,1030,TRUE,1,"oaxX2ELs7EZkrxsMY1"
1344,"yemen",609,1200,1322,TRUE,1,"oaxX2ELs7EZkrxsMY1"
564,"yemen",609,1250,7500,TRUE,1,"oaxX2ELs7EZkrxsMY1"
191,"yemen",609,400,2200,TRUE,1,"oaxX2ELs7EZkrxsMY1"
683,"yemen",609,1000,1750,TRUE,1,"oaxX2ELs7EZkrxsMY1"
1200,"yemen",609,1100,1800,TRUE,1,"oaxX2ELs7EZkrxsMY1"
646,"yemen",609,150,1500,TRUE,1,"oaxX2ELs7EZkrxsMY1"
190,"yemen",609,1000,2000,TRUE,1,"oaxX2ELs7EZkrxsMY1"
146,"yemen",609,1200,2400,TRUE,1,"oaxX2ELs7EZkrxsMY1"
1269,"yemen",609,250,1000,TRUE,1,"oaxX2ELs7EZkrxsMY1"
817,"yemen",609,2500,2000,TRUE,1,"oaxX2ELs7EZkrxsMY1"
503,"yemen",609,650,1250,TRUE,1,"oaxX2ELs7EZkrxsMY1"
684,"yemen",609,NA,1500,FALSE,1,"oaxX2ELs7EZkrxsMY1"
1026,"yemen",609,432,1250,TRUE,1,"oaxX2ELs7EZkrxsMY1"
483,"yemen",609,3000,1500,TRUE,1,"oaxX2ELs7EZkrxsMY1"
1017,"yemen",609,1900,1900,TRUE,1,"oaxX2ELs7EZkrxsMY1"
910,"yemen",609,600,1200,TRUE,1,"oaxX2ELs7EZkrxsMY1"
944,"yemen",609,1323,2841,TRUE,1,"oaxX2ELs7EZkrxsMY1"
1310,"yemen",609,500,2000,TRUE,1,"oaxX2ELs7EZkrxsMY1"
1256,"headphones",142770,135000,2e+05,TRUE,1,"pafCKwRCLGrvs2Sdm1"
155,"headphones",142770,50000,2e+05,TRUE,1,"pafCKwRCLGrvs2Sdm1"
885,"headphones",142770,150000,2e+05,TRUE,1,"pafCKwRCLGrvs2Sdm1"
735,"headphones",142770,35000,150000,TRUE,1,"pafCKwRCLGrvs2Sdm1"
727,"headphones",142770,20000,2e+05,TRUE,1,"pafCKwRCLGrvs2Sdm1"
1247,"headphones",142770,150000,150000,TRUE,1,"pafCKwRCLGrvs2Sdm1"
222,"headphones",142770,2e+05,2e+05,TRUE,1,"pafCKwRCLGrvs2Sdm1"
1298,"headphones",142770,NA,200001,FALSE,1,"pafCKwRCLGrvs2Sdm1"
421,"headphones",142770,110000,135000,TRUE,1,"pafCKwRCLGrvs2Sdm1"
330,"headphones",142770,1e+05,130000,TRUE,1,"pafCKwRCLGrvs2Sdm1"
918,"headphones",142770,150000,2e+05,TRUE,1,"pafCKwRCLGrvs2Sdm1"
434,"headphones",142770,3e+05,2e+05,TRUE,1,"pafCKwRCLGrvs2Sdm1"
133,"headphones",142770,3e+05,2e+05,TRUE,1,"pafCKwRCLGrvs2Sdm1"
386,"headphones",142770,2e+05,2e+05,TRUE,1,"pafCKwRCLGrvs2Sdm1"
1055,"headphones",142770,NA,NA,FALSE,1,"pafCKwRCLGrvs2Sdm1"
488,"headphones",142770,250000,2e+05,TRUE,1,"pafCKwRCLGrvs2Sdm1"
1410,"headphones",142770,250000,210000,TRUE,1,"pafCKwRCLGrvs2Sdm1"
836,"headphones",142770,1e+05,2e+05,TRUE,1,"pafCKwRCLGrvs2Sdm1"
632,"headphones",142770,150000,150000,TRUE,1,"pafCKwRCLGrvs2Sdm1"
1294,"headphones",142770,15000,165000,TRUE,1,"pafCKwRCLGrvs2Sdm1"
1150,"syria",1501,4000,3000,TRUE,1,"qEXaS54FiyFscBmiv1"
892,"syria",1501,12,111,TRUE,1,"qEXaS54FiyFscBmiv1"
823,"syria",1501,900,1200,TRUE,1,"qEXaS54FiyFscBmiv1"
1034,"syria",1501,5000,3000,TRUE,1,"qEXaS54FiyFscBmiv1"
30,"syria",1501,1500,1200,TRUE,1,"qEXaS54FiyFscBmiv1"
738,"syria",1501,1500,1500,TRUE,1,"qEXaS54FiyFscBmiv1"
1324,"syria",1501,785,800,TRUE,1,"qEXaS54FiyFscBmiv1"
1316,"syria",1501,5,800,TRUE,1,"qEXaS54FiyFscBmiv1"
433,"syria",1501,900,900,TRUE,1,"qEXaS54FiyFscBmiv1"
492,"syria",1501,2000,1500,TRUE,1,"qEXaS54FiyFscBmiv1"
647,"syria",1501,2000,2200,TRUE,1,"qEXaS54FiyFscBmiv1"
269,"syria",1501,1200,1000,TRUE,1,"qEXaS54FiyFscBmiv1"
631,"syria",1501,1347,1400,TRUE,1,"qEXaS54FiyFscBmiv1"
724,"syria",1501,1023,1050,TRUE,1,"qEXaS54FiyFscBmiv1"
1091,"syria",1501,3500,3000,TRUE,1,"qEXaS54FiyFscBmiv1"
20,"syria",1501,1440,NA,FALSE,1,"qEXaS54FiyFscBmiv1"
1336,"syria",1501,100,1250,TRUE,1,"qEXaS54FiyFscBmiv1"
667,"syria",1501,500,1000,TRUE,1,"qEXaS54FiyFscBmiv1"
13,"syria",1501,200,1300,TRUE,1,"qEXaS54FiyFscBmiv1"
1092,"syria",1501,300,1111,TRUE,1,"qEXaS54FiyFscBmiv1"
1081,"picasso",29.6,3,22,TRUE,2,"qS3DiKTfu93nt77Eb2"
560,"picasso",29.6,3,29.6,TRUE,1,"qS3DiKTfu93nt77Eb1"
214,"picasso",29.6,20,20,TRUE,2,"qS3DiKTfu93nt77Eb2"
1290,"picasso",29.6,0.75,27,TRUE,1,"qS3DiKTfu93nt77Eb1"
68,"picasso",29.6,6,12,TRUE,2,"qS3DiKTfu93nt77Eb2"
1279,"picasso",29.6,5.2,29.6,TRUE,1,"qS3DiKTfu93nt77Eb1"
1281,"picasso",29.6,21,29.5,TRUE,1,"qS3DiKTfu93nt77Eb1"
676,"picasso",29.6,23,23,TRUE,2,"qS3DiKTfu93nt77Eb2"
93,"picasso",29.6,3,23,TRUE,2,"qS3DiKTfu93nt77Eb2"
209,"picasso",29.6,0.1,20,TRUE,2,"qS3DiKTfu93nt77Eb2"
1411,"picasso",29.6,NA,29,FALSE,1,"qS3DiKTfu93nt77Eb1"
883,"picasso",29.6,35,29.6,TRUE,1,"qS3DiKTfu93nt77Eb1"
1095,"picasso",29.6,2,29.5,TRUE,1,"qS3DiKTfu93nt77Eb1"
541,"picasso",29.6,3,18,TRUE,2,"qS3DiKTfu93nt77Eb2"
540,"picasso",29.6,26.5,29.5,TRUE,1,"qS3DiKTfu93nt77Eb1"
794,"picasso",29.6,1.3,35,TRUE,2,"qS3DiKTfu93nt77Eb2"
493,"picasso",29.6,0.7,30,TRUE,2,"qS3DiKTfu93nt77Eb2"
1128,"picasso",29.6,25,29.5,TRUE,1,"qS3DiKTfu93nt77Eb1"
1217,"picasso",29.6,NA,29.6,FALSE,1,"qS3DiKTfu93nt77Eb1"
1035,"picasso",29.6,7,10,TRUE,2,"qS3DiKTfu93nt77Eb2"
328,"picasso",29.6,41,29.5,TRUE,1,"qS3DiKTfu93nt77Eb1"
266,"picasso",29.6,2,7.5,TRUE,2,"qS3DiKTfu93nt77Eb2"
1361,"picasso",29.6,2,45,TRUE,2,"qS3DiKTfu93nt77Eb2"
285,"picasso",29.6,32,35,TRUE,2,"qS3DiKTfu93nt77Eb2"
41,"picasso",29.6,2.1,29.6,TRUE,1,"qS3DiKTfu93nt77Eb1"
604,"picasso",29.6,225000,29.5,TRUE,1,"qS3DiKTfu93nt77Eb1"
1189,"picasso",29.6,2.5,29.5,TRUE,1,"qS3DiKTfu93nt77Eb1"
1080,"picasso",29.6,2.5,15,TRUE,2,"qS3DiKTfu93nt77Eb2"
1403,"picasso",29.6,NA,NA,FALSE,2,"qS3DiKTfu93nt77Eb2"
920,"picasso",29.6,300,100,TRUE,2,"qS3DiKTfu93nt77Eb2"
729,"picasso",29.6,40,29.5,TRUE,1,"qS3DiKTfu93nt77Eb1"
423,"picasso",29.6,2.5,22.5,TRUE,2,"qS3DiKTfu93nt77Eb2"
566,"picasso",29.6,NA,NA,FALSE,1,"qS3DiKTfu93nt77Eb1"
428,"picasso",29.6,30,33,TRUE,2,"qS3DiKTfu93nt77Eb2"
110,"picasso",29.6,5,20,TRUE,2,"qS3DiKTfu93nt77Eb2"
457,"picasso",29.6,2,29.5,TRUE,1,"qS3DiKTfu93nt77Eb1"
694,"picasso",29.6,2.5,NA,FALSE,1,"qS3DiKTfu93nt77Eb1"
1280,"picasso",29.6,4.6,29.6,TRUE,1,"qS3DiKTfu93nt77Eb1"
863,"picasso",29.6,1.2,77,TRUE,1,"qS3DiKTfu93nt77Eb1"
347,"picasso",29.6,25,40,TRUE,2,"qS3DiKTfu93nt77Eb2"
589,"chicago",2812,2340,2600,TRUE,2,"qxej8yHFgwg3hqyNh2"
235,"chicago",2812,2300,2500,TRUE,1,"qxej8yHFgwg3hqyNh1"
597,"chicago",2812,1500,1800,TRUE,2,"qxej8yHFgwg3hqyNh2"
935,"chicago",2812,1300,2100,TRUE,1,"qxej8yHFgwg3hqyNh1"
1083,"chicago",2812,3400,3400,TRUE,1,"qxej8yHFgwg3hqyNh1"
1399,"chicago",2812,6000,5000,TRUE,1,"qxej8yHFgwg3hqyNh1"
65,"chicago",2812,2000,2500,TRUE,2,"qxej8yHFgwg3hqyNh2"
1304,"chicago",2812,NA,2450,FALSE,1,"qxej8yHFgwg3hqyNh1"
857,"chicago",2812,2500,3000,TRUE,2,"qxej8yHFgwg3hqyNh2"
1233,"chicago",2812,500,1600,TRUE,1,"qxej8yHFgwg3hqyNh1"
230,"chicago",2812,1525,2750,TRUE,1,"qxej8yHFgwg3hqyNh1"
1227,"chicago",2812,1300,2300,TRUE,2,"qxej8yHFgwg3hqyNh2"
1019,"chicago",2812,1500,4000,TRUE,2,"qxej8yHFgwg3hqyNh2"
677,"chicago",2812,2500,3827,TRUE,2,"qxej8yHFgwg3hqyNh2"
1127,"chicago",2812,433,1348,TRUE,2,"qxej8yHFgwg3hqyNh2"
802,"chicago",2812,3900,3900,TRUE,1,"qxej8yHFgwg3hqyNh1"
299,"chicago",2812,1200,5000,TRUE,1,"qxej8yHFgwg3hqyNh1"
984,"chicago",2812,9000,2999,TRUE,1,"qxej8yHFgwg3hqyNh1"
872,"chicago",2812,2361,5665,TRUE,1,"qxej8yHFgwg3hqyNh1"
849,"chicago",2812,3200,2500,TRUE,2,"qxej8yHFgwg3hqyNh2"
913,"chicago",2812,NA,2500,FALSE,1,"qxej8yHFgwg3hqyNh1"
757,"chicago",2812,5,2000,TRUE,2,"qxej8yHFgwg3hqyNh2"
625,"chicago",2812,1218,2200,TRUE,2,"qxej8yHFgwg3hqyNh2"
90,"chicago",2812,1245,3200,TRUE,1,"qxej8yHFgwg3hqyNh1"
776,"chicago",2812,2500,2500,TRUE,2,"qxej8yHFgwg3hqyNh2"
365,"chicago",2812,1000,2000,TRUE,2,"qxej8yHFgwg3hqyNh2"
36,"chicago",2812,1500,1750,TRUE,2,"qxej8yHFgwg3hqyNh2"
277,"chicago",2812,1050,1050,TRUE,1,"qxej8yHFgwg3hqyNh1"
424,"chicago",2812,985,4500,TRUE,1,"qxej8yHFgwg3hqyNh1"
1302,"chicago",2812,500,2500,TRUE,2,"qxej8yHFgwg3hqyNh2"
393,"chicago",2812,10,1500,TRUE,2,"qxej8yHFgwg3hqyNh2"
211,"chicago",2812,1215,NA,FALSE,2,"qxej8yHFgwg3hqyNh2"
1341,"chicago",2812,1850,3500,TRUE,2,"qxej8yHFgwg3hqyNh2"
8,"chicago",2812,4000,4200,TRUE,1,"qxej8yHFgwg3hqyNh1"
1267,"chicago",2812,100,100,TRUE,1,"qxej8yHFgwg3hqyNh1"
236,"chicago",2812,2300,2500,TRUE,2,"qxej8yHFgwg3hqyNh2"
1224,"chicago",2812,4500,4500,TRUE,2,"qxej8yHFgwg3hqyNh2"
833,"chicago",2812,3000,3000,TRUE,1,"qxej8yHFgwg3hqyNh1"
340,"chicago",2812,2000,1500,TRUE,1,"qxej8yHFgwg3hqyNh1"
1097,"chicago",2812,2500,2250,TRUE,1,"qxej8yHFgwg3hqyNh1"
197,"chicago",2812,1400,1400,TRUE,1,"r4aX3uKoj6sTqTndg1"
999,"chicago",2812,1500,2000,TRUE,1,"r4aX3uKoj6sTqTndg1"
89,"chicago",2812,1000,2500,TRUE,1,"r4aX3uKoj6sTqTndg1"
615,"chicago",2812,1500,1800,TRUE,1,"r4aX3uKoj6sTqTndg1"
739,"chicago",2812,3000,2500,TRUE,1,"r4aX3uKoj6sTqTndg1"
725,"chicago",2812,1300,2000,TRUE,1,"r4aX3uKoj6sTqTndg1"
140,"chicago",2812,3333,2750,TRUE,1,"r4aX3uKoj6sTqTndg1"
517,"chicago",2812,2000,2500,TRUE,1,"r4aX3uKoj6sTqTndg1"
323,"chicago",2812,1800,2500,TRUE,1,"r4aX3uKoj6sTqTndg1"
663,"chicago",2812,2000,2200,TRUE,1,"r4aX3uKoj6sTqTndg1"
437,"chicago",2812,1450,NA,FALSE,1,"r4aX3uKoj6sTqTndg1"
605,"chicago",2812,27,2500,TRUE,1,"r4aX3uKoj6sTqTndg1"
430,"chicago",2812,2500,2500,TRUE,1,"r4aX3uKoj6sTqTndg1"
475,"chicago",2812,NA,2500,FALSE,1,"r4aX3uKoj6sTqTndg1"
915,"chicago",2812,958,2500,TRUE,1,"r4aX3uKoj6sTqTndg1"
403,"chicago",2812,12,2500,TRUE,1,"r4aX3uKoj6sTqTndg1"
1020,"chicago",2812,NA,1800,FALSE,1,"r4aX3uKoj6sTqTndg1"
1240,"chicago",2812,3,2500,TRUE,1,"r4aX3uKoj6sTqTndg1"
304,"chicago",2812,2065,2500,TRUE,1,"r4aX3uKoj6sTqTndg1"
55,"chicago",2812,2000,2200,TRUE,1,"r4aX3uKoj6sTqTndg1"
143,"syria",1501,5000,4000,TRUE,1,"RvA4BnjhjrgEPF7b21"
407,"syria",1501,1200,1200,TRUE,1,"RvA4BnjhjrgEPF7b21"
840,"syria",1501,NA,1500,FALSE,1,"RvA4BnjhjrgEPF7b21"
335,"syria",1501,920,1100,TRUE,1,"RvA4BnjhjrgEPF7b21"
1357,"syria",1501,1000,1216,TRUE,1,"RvA4BnjhjrgEPF7b21"
1157,"syria",1501,3000,3500,TRUE,1,"RvA4BnjhjrgEPF7b21"
1018,"syria",1501,2000,2400,TRUE,1,"RvA4BnjhjrgEPF7b21"
263,"syria",1501,2000,2200,TRUE,1,"RvA4BnjhjrgEPF7b21"
871,"syria",1501,1850,1850,TRUE,1,"RvA4BnjhjrgEPF7b21"
648,"syria",1501,1000,2200,TRUE,1,"RvA4BnjhjrgEPF7b21"
104,"syria",1501,400,1500,TRUE,1,"RvA4BnjhjrgEPF7b21"
1225,"syria",1501,1250,1250,TRUE,1,"RvA4BnjhjrgEPF7b21"
1103,"syria",1501,500,1000,TRUE,1,"RvA4BnjhjrgEPF7b21"
1069,"syria",1501,1200,1500,TRUE,1,"RvA4BnjhjrgEPF7b21"
496,"syria",1501,841,1289,TRUE,1,"RvA4BnjhjrgEPF7b21"
1009,"syria",1501,NA,1100,FALSE,1,"RvA4BnjhjrgEPF7b21"
357,"syria",1501,600,NA,FALSE,1,"RvA4BnjhjrgEPF7b21"
890,"syria",1501,3000,1850,TRUE,1,"RvA4BnjhjrgEPF7b21"
1158,"syria",1501,2550,NA,FALSE,1,"RvA4BnjhjrgEPF7b21"
571,"syria",1501,1500,1600,TRUE,1,"RvA4BnjhjrgEPF7b21"
148,"chicago",2812,2000,2000,TRUE,1,"SyKkcGGLmEdtg6piW1"
814,"chicago",2812,1500,1500,TRUE,1,"SyKkcGGLmEdtg6piW1"
485,"chicago",2812,1755,2500,TRUE,1,"SyKkcGGLmEdtg6piW1"
889,"chicago",2812,2200,5500,TRUE,2,"SyKkcGGLmEdtg6piW2"
311,"chicago",2812,1700,NA,FALSE,2,"SyKkcGGLmEdtg6piW2"
974,"chicago",2812,1800,5000,TRUE,2,"SyKkcGGLmEdtg6piW2"
470,"chicago",2812,25000,5000,TRUE,1,"SyKkcGGLmEdtg6piW1"
876,"chicago",2812,400,2000,TRUE,2,"SyKkcGGLmEdtg6piW2"
550,"chicago",2812,2000,2000,TRUE,1,"SyKkcGGLmEdtg6piW1"
1045,"chicago",2812,980,980,TRUE,1,"SyKkcGGLmEdtg6piW1"
208,"chicago",2812,2500,2500,TRUE,1,"SyKkcGGLmEdtg6piW1"
1296,"chicago",2812,575,4475,TRUE,2,"SyKkcGGLmEdtg6piW2"
590,"chicago",2812,800,4700,TRUE,2,"SyKkcGGLmEdtg6piW2"
1107,"chicago",2812,562,NA,FALSE,2,"SyKkcGGLmEdtg6piW2"
522,"chicago",2812,1700,1900,TRUE,1,"SyKkcGGLmEdtg6piW1"
618,"chicago",2812,3000,4500,TRUE,2,"SyKkcGGLmEdtg6piW2"
933,"chicago",2812,1970,1900,TRUE,1,"SyKkcGGLmEdtg6piW1"
781,"chicago",2812,2200,2200,TRUE,1,"SyKkcGGLmEdtg6piW1"
499,"chicago",2812,645,4500,TRUE,2,"SyKkcGGLmEdtg6piW2"
35,"chicago",2812,2500,4500,TRUE,2,"SyKkcGGLmEdtg6piW2"
661,"chicago",2812,3000,NA,FALSE,2,"SyKkcGGLmEdtg6piW2"
506,"chicago",2812,120,2100,TRUE,1,"SyKkcGGLmEdtg6piW1"
1093,"chicago",2812,15,1570,TRUE,1,"SyKkcGGLmEdtg6piW1"
187,"chicago",2812,6e+06,6000,TRUE,1,"SyKkcGGLmEdtg6piW1"
1393,"chicago",2812,NA,1750,FALSE,1,"SyKkcGGLmEdtg6piW1"
91,"chicago",2812,3000,2000,TRUE,1,"SyKkcGGLmEdtg6piW1"
270,"chicago",2812,1500,4000,TRUE,2,"SyKkcGGLmEdtg6piW2"
343,"chicago",2812,10000,4000,TRUE,1,"SyKkcGGLmEdtg6piW1"
763,"chicago",2812,412,5150,TRUE,2,"SyKkcGGLmEdtg6piW2"
1125,"chicago",2812,180,1800,TRUE,1,"SyKkcGGLmEdtg6piW1"
865,"chicago",2812,2226,3500,TRUE,2,"SyKkcGGLmEdtg6piW2"
1051,"chicago",2812,40,4000,TRUE,2,"SyKkcGGLmEdtg6piW2"
282,"chicago",2812,1500,3000,TRUE,2,"SyKkcGGLmEdtg6piW2"
1058,"chicago",2812,9882,4500,TRUE,2,"SyKkcGGLmEdtg6piW2"
1405,"chicago",2812,1500,4500,TRUE,2,"SyKkcGGLmEdtg6piW2"
595,"chicago",2812,35,1423,TRUE,1,"SyKkcGGLmEdtg6piW1"
139,"chicago",2812,3000,4500,TRUE,2,"SyKkcGGLmEdtg6piW2"
111,"chicago",2812,1325,1958,TRUE,1,"SyKkcGGLmEdtg6piW1"
1148,"chicago",2812,2500,5000,TRUE,2,"SyKkcGGLmEdtg6piW2"
1113,"chicago",2812,2500,2100,TRUE,1,"SyKkcGGLmEdtg6piW1"
1297,"vangogh",10,3,2,TRUE,2,"uQF55wf6Psh7htnjx2"
504,"vangogh",10,3,33,TRUE,1,"uQF55wf6Psh7htnjx1"
53,"vangogh",10,3,3,TRUE,1,"uQF55wf6Psh7htnjx1"
1220,"vangogh",10,1,3.5,TRUE,1,"uQF55wf6Psh7htnjx1"
609,"vangogh",10,6,6,TRUE,1,"uQF55wf6Psh7htnjx1"
289,"vangogh",10,1,2,TRUE,2,"uQF55wf6Psh7htnjx2"
413,"vangogh",10,1.5,6,TRUE,1,"uQF55wf6Psh7htnjx1"
716,"vangogh",10,3,2,TRUE,2,"uQF55wf6Psh7htnjx2"
396,"vangogh",10,26.8,26.8,TRUE,1,"uQF55wf6Psh7htnjx1"
180,"vangogh",10,2.5,2,TRUE,2,"uQF55wf6Psh7htnjx2"
1161,"vangogh",10,4,2,TRUE,2,"uQF55wf6Psh7htnjx2"
1398,"vangogh",10,3,5,TRUE,1,"uQF55wf6Psh7htnjx1"
471,"vangogh",10,1.3,1.3,TRUE,2,"uQF55wf6Psh7htnjx2"
545,"vangogh",10,2.5,2.5,TRUE,1,"uQF55wf6Psh7htnjx1"
184,"vangogh",10,3,1.16,TRUE,2,"uQF55wf6Psh7htnjx2"
697,"vangogh",10,2,2,TRUE,1,"uQF55wf6Psh7htnjx1"
891,"vangogh",10,2.3e+07,5e+06,TRUE,2,"uQF55wf6Psh7htnjx2"
327,"vangogh",10,5,8,TRUE,1,"uQF55wf6Psh7htnjx1"
682,"vangogh",10,2.5,2,TRUE,2,"uQF55wf6Psh7htnjx2"
1412,"vangogh",10,1,2,TRUE,2,"uQF55wf6Psh7htnjx2"
1174,"vangogh",10,2,2,TRUE,1,"uQF55wf6Psh7htnjx1"
988,"vangogh",10,3.25,3.45,TRUE,1,"uQF55wf6Psh7htnjx1"
510,"vangogh",10,4.3,NA,FALSE,1,"uQF55wf6Psh7htnjx1"
783,"vangogh",10,12,2,TRUE,2,"uQF55wf6Psh7htnjx2"
384,"vangogh",10,1.2,7,TRUE,1,"uQF55wf6Psh7htnjx1"
950,"vangogh",10,1,5,TRUE,1,"uQF55wf6Psh7htnjx1"
749,"vangogh",10,0.75,0.75,TRUE,2,"uQF55wf6Psh7htnjx2"
232,"vangogh",10,1,1.5,TRUE,2,"uQF55wf6Psh7htnjx2"
642,"vangogh",10,1.5,1.5,TRUE,1,"uQF55wf6Psh7htnjx1"
25,"vangogh",10,3,1.16,TRUE,2,"uQF55wf6Psh7htnjx2"
1287,"vangogh",10,2,1.16,TRUE,2,"uQF55wf6Psh7htnjx2"
600,"vangogh",10,0.75,3.6,TRUE,1,"uQF55wf6Psh7htnjx1"
578,"vangogh",10,5,3,TRUE,2,"uQF55wf6Psh7htnjx2"
509,"vangogh",10,3,2,TRUE,2,"uQF55wf6Psh7htnjx2"
17,"vangogh",10,2.5,2.5,TRUE,2,"uQF55wf6Psh7htnjx2"
1068,"vangogh",10,3,5,TRUE,1,"uQF55wf6Psh7htnjx1"
415,"vangogh",10,16,1.5,TRUE,1,"uQF55wf6Psh7htnjx1"
1284,"vangogh",10,2,0.75,TRUE,2,"uQF55wf6Psh7htnjx2"
73,"vangogh",10,18,5,TRUE,1,"uQF55wf6Psh7htnjx1"
491,"vangogh",10,1,2.4,TRUE,2,"uQF55wf6Psh7htnjx2"
364,"yemen",609,20,5,TRUE,1,"vfRyQ63uELBptDgB91"
1404,"yemen",609,300,3000,TRUE,1,"vfRyQ63uELBptDgB91"
253,"yemen",609,1000,2500,TRUE,1,"vfRyQ63uELBptDgB91"
881,"yemen",609,600,1500,TRUE,1,"vfRyQ63uELBptDgB91"
268,"yemen",609,2500,2500,TRUE,1,"vfRyQ63uELBptDgB91"
1414,"yemen",609,750,2500,TRUE,1,"vfRyQ63uELBptDgB91"
482,"yemen",609,NA,NA,FALSE,1,"vfRyQ63uELBptDgB91"
502,"yemen",609,1000,2500,TRUE,1,"vfRyQ63uELBptDgB91"
952,"yemen",609,NA,17000,FALSE,1,"vfRyQ63uELBptDgB91"
281,"yemen",609,5,2500,TRUE,1,"vfRyQ63uELBptDgB91"
544,"yemen",609,841,2500,TRUE,1,"vfRyQ63uELBptDgB91"
118,"yemen",609,1012,2500,TRUE,1,"vfRyQ63uELBptDgB91"
138,"yemen",609,500,2500,TRUE,1,"vfRyQ63uELBptDgB91"
24,"yemen",609,2,2500,TRUE,1,"vfRyQ63uELBptDgB91"
172,"yemen",609,400,1800,TRUE,1,"vfRyQ63uELBptDgB91"
1215,"yemen",609,1000,2500,TRUE,1,"vfRyQ63uELBptDgB91"
411,"yemen",609,5000,2500,TRUE,1,"vfRyQ63uELBptDgB91"
1243,"yemen",609,400,1500,TRUE,1,"vfRyQ63uELBptDgB91"
478,"yemen",609,1222,2500,TRUE,1,"vfRyQ63uELBptDgB91"
1406,"yemen",609,1,NA,FALSE,1,"vfRyQ63uELBptDgB91"
1387,"syria",1501,NA,2254,FALSE,1,"vXBkyrryzAX9hbHeP1"
1249,"syria",1501,750,1200,TRUE,1,"vXBkyrryzAX9hbHeP1"
1216,"syria",1501,3200,5100,TRUE,1,"vXBkyrryzAX9hbHeP1"
906,"syria",1501,NA,2250,FALSE,1,"vXBkyrryzAX9hbHeP1"
745,"syria",1501,9,1500,TRUE,1,"vXBkyrryzAX9hbHeP1"
722,"syria",1501,NA,2200,FALSE,1,"vXBkyrryzAX9hbHeP1"
356,"syria",1501,750,1200,TRUE,1,"vXBkyrryzAX9hbHeP1"
1119,"syria",1501,1100,2254,TRUE,1,"vXBkyrryzAX9hbHeP1"
130,"syria",1501,800,1100,TRUE,1,"vXBkyrryzAX9hbHeP1"
1317,"syria",1501,2000,1200,TRUE,1,"vXBkyrryzAX9hbHeP1"
398,"syria",1501,953,1458,TRUE,1,"vXBkyrryzAX9hbHeP1"
1040,"syria",1501,500,1000,TRUE,1,"vXBkyrryzAX9hbHeP1"
572,"syria",1501,NA,2250,FALSE,1,"vXBkyrryzAX9hbHeP1"
446,"syria",1501,3000,1700,TRUE,1,"vXBkyrryzAX9hbHeP1"
786,"syria",1501,1250,2000,TRUE,1,"vXBkyrryzAX9hbHeP1"
753,"syria",1501,1100,1100,TRUE,1,"vXBkyrryzAX9hbHeP1"
359,"syria",1501,1000,2250,TRUE,1,"vXBkyrryzAX9hbHeP1"
657,"syria",1501,NA,NA,FALSE,1,"vXBkyrryzAX9hbHeP1"
719,"syria",1501,2500,2100,TRUE,1,"vXBkyrryzAX9hbHeP1"
914,"syria",1501,900,1150,TRUE,1,"vXBkyrryzAX9hbHeP1"
159,"vangogh",10,10,10,TRUE,1,"waPZC72RxqETD2tM61"
1123,"vangogh",10,3,5,TRUE,1,"waPZC72RxqETD2tM61"
1392,"vangogh",10,2,4,TRUE,1,"waPZC72RxqETD2tM61"
1318,"vangogh",10,5,7,TRUE,1,"waPZC72RxqETD2tM61"
463,"vangogh",10,25,10,TRUE,1,"waPZC72RxqETD2tM61"
610,"vangogh",10,1.5,2,TRUE,1,"waPZC72RxqETD2tM61"
400,"vangogh",10,7.5,5,TRUE,1,"waPZC72RxqETD2tM61"
524,"vangogh",10,0.5,2.5,TRUE,1,"waPZC72RxqETD2tM61"
192,"vangogh",10,10,10,TRUE,1,"waPZC72RxqETD2tM61"
291,"vangogh",10,2.5,7.5,TRUE,1,"waPZC72RxqETD2tM61"
1066,"vangogh",10,25,5,TRUE,1,"waPZC72RxqETD2tM61"
271,"vangogh",10,1.3,1.3,TRUE,1,"waPZC72RxqETD2tM61"
314,"vangogh",10,3.5,4.5,TRUE,1,"waPZC72RxqETD2tM61"
1029,"vangogh",10,NA,10,FALSE,1,"waPZC72RxqETD2tM61"
388,"vangogh",10,20,20,TRUE,1,"waPZC72RxqETD2tM61"
1211,"vangogh",10,5,5,TRUE,1,"waPZC72RxqETD2tM61"
726,"vangogh",10,5,5,TRUE,1,"waPZC72RxqETD2tM61"
1413,"vangogh",10,1.2,10,TRUE,1,"waPZC72RxqETD2tM61"
1024,"vangogh",10,1,2.5,TRUE,1,"waPZC72RxqETD2tM61"
593,"vangogh",10,1.2,NA,FALSE,1,"waPZC72RxqETD2tM61"
419,"picasso",29.6,14,150,TRUE,2,"weCbkYxBDT79kd83g2"
916,"picasso",29.6,25,29.5,TRUE,2,"weCbkYxBDT79kd83g2"
456,"picasso",29.6,50,30,TRUE,2,"weCbkYxBDT79kd83g2"
1011,"picasso",29.6,7,11,TRUE,2,"weCbkYxBDT79kd83g2"
260,"picasso",29.6,2,50,TRUE,1,"weCbkYxBDT79kd83g1"
474,"picasso",29.6,2,25,TRUE,1,"weCbkYxBDT79kd83g1"
121,"picasso",29.6,8.5,95,TRUE,2,"weCbkYxBDT79kd83g2"
750,"picasso",29.6,1.5,30,TRUE,2,"weCbkYxBDT79kd83g2"
981,"picasso",29.6,200,16,TRUE,1,"weCbkYxBDT79kd83g1"
1229,"picasso",29.6,1.5,24,TRUE,1,"weCbkYxBDT79kd83g1"
801,"picasso",29.6,5,10,TRUE,1,"weCbkYxBDT79kd83g1"
1325,"picasso",29.6,24,24,TRUE,1,"weCbkYxBDT79kd83g1"
376,"picasso",29.6,NA,29,FALSE,1,"weCbkYxBDT79kd83g1"
319,"picasso",29.6,4,10,TRUE,1,"weCbkYxBDT79kd83g1"
1251,"picasso",29.6,40,60,TRUE,2,"weCbkYxBDT79kd83g2"
1194,"picasso",29.6,10,35,TRUE,1,"weCbkYxBDT79kd83g1"
670,"picasso",29.6,5,30,TRUE,2,"weCbkYxBDT79kd83g2"
596,"picasso",29.6,2.2,25,TRUE,2,"weCbkYxBDT79kd83g2"
1007,"picasso",29.6,2,3.72,TRUE,1,"weCbkYxBDT79kd83g1"
198,"picasso",29.6,250,29.6,TRUE,2,"weCbkYxBDT79kd83g2"
1250,"picasso",29.6,30,30,TRUE,2,"weCbkYxBDT79kd83g2"
787,"picasso",29.6,0.5,0.5,TRUE,1,"weCbkYxBDT79kd83g1"
189,"picasso",29.6,1.5,30,TRUE,2,"weCbkYxBDT79kd83g2"
454,"picasso",29.6,17,30,TRUE,2,"weCbkYxBDT79kd83g2"
770,"picasso",29.6,750000,NA,FALSE,1,"weCbkYxBDT79kd83g1"
287,"picasso",29.6,NA,1,FALSE,1,"weCbkYxBDT79kd83g1"
294,"picasso",29.6,5.5,30,TRUE,2,"weCbkYxBDT79kd83g2"
162,"picasso",29.6,2,30,TRUE,2,"weCbkYxBDT79kd83g2"
1417,"picasso",29.6,1,10,TRUE,1,"weCbkYxBDT79kd83g1"
316,"picasso",29.6,3,NA,FALSE,1,"weCbkYxBDT79kd83g1"
708,"picasso",29.6,0.375,28,TRUE,1,"weCbkYxBDT79kd83g1"
1323,"picasso",29.6,12,30,TRUE,1,"weCbkYxBDT79kd83g1"
1192,"picasso",29.6,1.5,3,TRUE,2,"weCbkYxBDT79kd83g2"
177,"picasso",29.6,5,12,TRUE,1,"weCbkYxBDT79kd83g1"
1226,"picasso",29.6,14,30,TRUE,2,"weCbkYxBDT79kd83g2"
821,"picasso",29.6,NA,12.5,FALSE,1,"weCbkYxBDT79kd83g1"
1052,"picasso",29.6,15,27,TRUE,2,"weCbkYxBDT79kd83g2"
1012,"picasso",29.6,NA,1.2,FALSE,2,"weCbkYxBDT79kd83g2"
141,"picasso",29.6,3,25,TRUE,2,"weCbkYxBDT79kd83g2"
529,"picasso",29.6,200,30,TRUE,1,"weCbkYxBDT79kd83g1"
151,"philly",570,300,750,TRUE,2,"Wg9QjKYeJBEvfbYdQ2"
127,"philly",570,650,800,TRUE,1,"Wg9QjKYeJBEvfbYdQ1"
1101,"philly",570,1567,NA,FALSE,2,"Wg9QjKYeJBEvfbYdQ2"
1259,"philly",570,1500,600,TRUE,2,"Wg9QjKYeJBEvfbYdQ2"
986,"philly",570,2500,2500,TRUE,1,"Wg9QjKYeJBEvfbYdQ1"
1311,"philly",570,2000,1000,TRUE,1,"Wg9QjKYeJBEvfbYdQ1"
120,"philly",570,600,900,TRUE,1,"Wg9QjKYeJBEvfbYdQ1"
635,"philly",570,1500,500,TRUE,2,"Wg9QjKYeJBEvfbYdQ2"
329,"philly",570,1750,1120,TRUE,1,"Wg9QjKYeJBEvfbYdQ1"
300,"philly",570,NA,NA,FALSE,2,"Wg9QjKYeJBEvfbYdQ2"
636,"philly",570,1900,1500,TRUE,1,"Wg9QjKYeJBEvfbYdQ1"
390,"philly",570,1500,900,TRUE,2,"Wg9QjKYeJBEvfbYdQ2"
147,"philly",570,NA,700,FALSE,2,"Wg9QjKYeJBEvfbYdQ2"
337,"philly",570,2002,865,TRUE,1,"Wg9QjKYeJBEvfbYdQ1"
76,"philly",570,850,978,TRUE,1,"Wg9QjKYeJBEvfbYdQ1"
212,"philly",570,900,900,TRUE,1,"Wg9QjKYeJBEvfbYdQ1"
202,"philly",570,2200,NA,FALSE,2,"Wg9QjKYeJBEvfbYdQ2"
1322,"philly",570,1000,600,TRUE,2,"Wg9QjKYeJBEvfbYdQ2"
831,"philly",570,1000,950,TRUE,1,"Wg9QjKYeJBEvfbYdQ1"
395,"philly",570,900,900,TRUE,1,"Wg9QjKYeJBEvfbYdQ1"
633,"philly",570,800,750,TRUE,2,"Wg9QjKYeJBEvfbYdQ2"
1122,"philly",570,1980,1000,TRUE,2,"Wg9QjKYeJBEvfbYdQ2"
1265,"philly",570,900,950,TRUE,1,"Wg9QjKYeJBEvfbYdQ1"
387,"philly",570,800,900,TRUE,1,"Wg9QjKYeJBEvfbYdQ1"
1377,"philly",570,2000,500,TRUE,2,"Wg9QjKYeJBEvfbYdQ2"
1289,"philly",570,542,542,TRUE,2,"Wg9QjKYeJBEvfbYdQ2"
943,"philly",570,2450,1350,TRUE,2,"Wg9QjKYeJBEvfbYdQ2"
1402,"philly",570,999,999,TRUE,2,"Wg9QjKYeJBEvfbYdQ2"
626,"philly",570,1000,1000,TRUE,1,"Wg9QjKYeJBEvfbYdQ1"
10,"philly",570,1100,750,TRUE,2,"Wg9QjKYeJBEvfbYdQ2"
577,"philly",570,850,950,TRUE,1,"Wg9QjKYeJBEvfbYdQ1"
723,"philly",570,150,750,TRUE,2,"Wg9QjKYeJBEvfbYdQ2"
405,"philly",570,1050,1050,TRUE,1,"Wg9QjKYeJBEvfbYdQ1"
919,"philly",570,1200,1000,TRUE,1,"Wg9QjKYeJBEvfbYdQ1"
568,"philly",570,1000,1000,TRUE,1,"Wg9QjKYeJBEvfbYdQ1"
426,"philly",570,3000,500,TRUE,2,"Wg9QjKYeJBEvfbYdQ2"
777,"philly",570,500,500,TRUE,2,"Wg9QjKYeJBEvfbYdQ2"
643,"philly",570,1400,1300,TRUE,1,"Wg9QjKYeJBEvfbYdQ1"
1160,"philly",570,1400,1500,TRUE,1,"Wg9QjKYeJBEvfbYdQ1"
290,"philly",570,1500,NA,FALSE,2,"Wg9QjKYeJBEvfbYdQ2"
598,"yemen",609,1000,1000,TRUE,1,"WPwSKngzvXCHfz5bS1"
980,"yemen",609,NA,1500,FALSE,1,"WPwSKngzvXCHfz5bS1"
908,"yemen",609,1024,4700,TRUE,2,"WPwSKngzvXCHfz5bS2"
1201,"yemen",609,673,750,TRUE,2,"WPwSKngzvXCHfz5bS2"
528,"yemen",609,850,1000,TRUE,1,"WPwSKngzvXCHfz5bS1"
135,"yemen",609,900,750,TRUE,2,"WPwSKngzvXCHfz5bS2"
811,"yemen",609,600,723,TRUE,2,"WPwSKngzvXCHfz5bS2"
967,"yemen",609,1500,1250,TRUE,1,"WPwSKngzvXCHfz5bS1"
125,"yemen",609,765,750,TRUE,2,"WPwSKngzvXCHfz5bS2"
459,"yemen",609,100,1000,TRUE,1,"WPwSKngzvXCHfz5bS1"
835,"yemen",609,1400,1100,TRUE,1,"WPwSKngzvXCHfz5bS1"
771,"yemen",609,763,763,TRUE,2,"WPwSKngzvXCHfz5bS2"
1349,"yemen",609,700,1000,TRUE,1,"WPwSKngzvXCHfz5bS1"
219,"yemen",609,1,750,TRUE,2,"WPwSKngzvXCHfz5bS2"
1197,"yemen",609,1000,1000,TRUE,1,"WPwSKngzvXCHfz5bS1"
301,"yemen",609,NA,750,FALSE,2,"WPwSKngzvXCHfz5bS2"
1027,"yemen",609,NA,1455,FALSE,1,"WPwSKngzvXCHfz5bS1"
656,"yemen",609,NA,900,FALSE,1,"WPwSKngzvXCHfz5bS1"
519,"yemen",609,800,1000,TRUE,1,"WPwSKngzvXCHfz5bS1"
828,"yemen",609,550,850,TRUE,1,"WPwSKngzvXCHfz5bS1"
542,"yemen",609,1000,1000,TRUE,1,"WPwSKngzvXCHfz5bS1"
444,"yemen",609,620,750,TRUE,1,"WPwSKngzvXCHfz5bS1"
467,"yemen",609,654,1000,TRUE,1,"WPwSKngzvXCHfz5bS1"
1292,"yemen",609,5,750,TRUE,1,"WPwSKngzvXCHfz5bS1"
267,"yemen",609,500,NA,FALSE,2,"WPwSKngzvXCHfz5bS2"
894,"yemen",609,56,750,TRUE,2,"WPwSKngzvXCHfz5bS2"
1416,"yemen",609,200,1250,TRUE,1,"WPwSKngzvXCHfz5bS1"
805,"yemen",609,742,750,TRUE,2,"WPwSKngzvXCHfz5bS2"
1074,"yemen",609,500,750,TRUE,2,"WPwSKngzvXCHfz5bS2"
397,"yemen",609,1000,750,TRUE,2,"WPwSKngzvXCHfz5bS2"
1418,"yemen",609,735,750,TRUE,2,"WPwSKngzvXCHfz5bS2"
537,"yemen",609,800,1000,TRUE,1,"WPwSKngzvXCHfz5bS1"
34,"yemen",609,572,1027,TRUE,2,"WPwSKngzvXCHfz5bS2"
334,"yemen",609,69,1000,TRUE,1,"WPwSKngzvXCHfz5bS1"
383,"yemen",609,150,750,TRUE,2,"WPwSKngzvXCHfz5bS2"
1272,"yemen",609,900,750,TRUE,2,"WPwSKngzvXCHfz5bS2"
355,"yemen",609,1050,750,TRUE,2,"WPwSKngzvXCHfz5bS2"
464,"yemen",609,1000,750,TRUE,2,"WPwSKngzvXCHfz5bS2"
1046,"yemen",609,100,100,TRUE,2,"WPwSKngzvXCHfz5bS2"
1170,"yemen",609,925,975,TRUE,1,"WPwSKngzvXCHfz5bS1"
1121,"vangogh",10,4,3.5,TRUE,2,"Wwpnhp6e4i7LeDamm2"
1015,"vangogh",10,0.5,0.25,TRUE,1,"Wwpnhp6e4i7LeDamm1"
259,"vangogh",10,4,3,TRUE,1,"Wwpnhp6e4i7LeDamm1"
867,"vangogh",10,2.5,2.75,TRUE,2,"Wwpnhp6e4i7LeDamm2"
887,"vangogh",10,20000,15,TRUE,1,"Wwpnhp6e4i7LeDamm1"
581,"vangogh",10,10.5,10.5,TRUE,2,"Wwpnhp6e4i7LeDamm2"
28,"vangogh",10,8,2,TRUE,1,"Wwpnhp6e4i7LeDamm1"
936,"vangogh",10,2.5,2.5,TRUE,2,"Wwpnhp6e4i7LeDamm2"
1087,"vangogh",10,3.5,3,TRUE,1,"Wwpnhp6e4i7LeDamm1"
370,"vangogh",10,19,2.5,TRUE,2,"Wwpnhp6e4i7LeDamm2"
713,"vangogh",10,0.25,0.25,TRUE,1,"Wwpnhp6e4i7LeDamm1"
1277,"vangogh",10,0.45,1,TRUE,2,"Wwpnhp6e4i7LeDamm2"
1036,"vangogh",10,NA,NA,FALSE,2,"Wwpnhp6e4i7LeDamm2"
94,"vangogh",10,8,6,TRUE,1,"Wwpnhp6e4i7LeDamm1"
1343,"vangogh",10,3,3,TRUE,2,"Wwpnhp6e4i7LeDamm2"
928,"vangogh",10,3.5,NA,FALSE,1,"Wwpnhp6e4i7LeDamm1"
78,"vangogh",10,5,5,TRUE,1,"Wwpnhp6e4i7LeDamm1"
654,"vangogh",10,53,NA,FALSE,1,"Wwpnhp6e4i7LeDamm1"
1196,"vangogh",10,0.8,10,TRUE,1,"Wwpnhp6e4i7LeDamm1"
1187,"vangogh",10,10,2.5,TRUE,2,"Wwpnhp6e4i7LeDamm2"
844,"vangogh",10,1.5,2.5,TRUE,2,"Wwpnhp6e4i7LeDamm2"
16,"vangogh",10,NA,NA,FALSE,1,"Wwpnhp6e4i7LeDamm1"
804,"vangogh",10,1.2,0.8,TRUE,1,"Wwpnhp6e4i7LeDamm1"
3,"vangogh",10,4,4,TRUE,1,"Wwpnhp6e4i7LeDamm1"
1143,"vangogh",10,3,3,TRUE,1,"Wwpnhp6e4i7LeDamm1"
1078,"vangogh",10,2,3.6,TRUE,2,"Wwpnhp6e4i7LeDamm2"
1002,"vangogh",10,1.3,1.5,TRUE,2,"Wwpnhp6e4i7LeDamm2"
837,"vangogh",10,0.1,0.01,TRUE,2,"Wwpnhp6e4i7LeDamm2"
1155,"vangogh",10,2,3,TRUE,2,"Wwpnhp6e4i7LeDamm2"
1067,"vangogh",10,16,7,TRUE,1,"Wwpnhp6e4i7LeDamm1"
557,"vangogh",10,2.4,2.5,TRUE,2,"Wwpnhp6e4i7LeDamm2"
851,"vangogh",10,18,18,TRUE,1,"Wwpnhp6e4i7LeDamm1"
995,"vangogh",10,1.25,2,TRUE,1,"Wwpnhp6e4i7LeDamm1"
640,"vangogh",10,3.5,4,TRUE,2,"Wwpnhp6e4i7LeDamm2"
246,"vangogh",10,20,5,TRUE,2,"Wwpnhp6e4i7LeDamm2"
705,"vangogh",10,10,2.5,TRUE,2,"Wwpnhp6e4i7LeDamm2"
1050,"vangogh",10,3,3.5,TRUE,2,"Wwpnhp6e4i7LeDamm2"
1245,"vangogh",10,5,5,TRUE,1,"Wwpnhp6e4i7LeDamm1"
167,"vangogh",10,2,0.6,TRUE,1,"Wwpnhp6e4i7LeDamm1"
1338,"vangogh",10,2,2.5,TRUE,2,"Wwpnhp6e4i7LeDamm2"
878,"songdrop",30000,30000,40000,TRUE,1,"XRkw2v5KAM2aHdQic1"
702,"songdrop",30000,105000,45000,TRUE,2,"XRkw2v5KAM2aHdQic2"
126,"songdrop",30000,NA,1e+05,FALSE,2,"XRkw2v5KAM2aHdQic2"
1102,"songdrop",30000,NA,18500,FALSE,2,"XRkw2v5KAM2aHdQic2"
451,"songdrop",30000,10500,15000,TRUE,1,"XRkw2v5KAM2aHdQic1"
1032,"songdrop",30000,75000,75000,TRUE,2,"XRkw2v5KAM2aHdQic2"
185,"songdrop",30000,NA,20000,FALSE,2,"XRkw2v5KAM2aHdQic2"
591,"songdrop",30000,25,NA,FALSE,1,"XRkw2v5KAM2aHdQic1"
816,"songdrop",30000,NA,5000,FALSE,1,"XRkw2v5KAM2aHdQic1"
672,"songdrop",30000,20000,35000,TRUE,1,"XRkw2v5KAM2aHdQic1"
273,"songdrop",30000,NA,60000,FALSE,1,"XRkw2v5KAM2aHdQic1"
825,"songdrop",30000,30000,30000,TRUE,2,"XRkw2v5KAM2aHdQic2"
461,"songdrop",30000,10000,10000,TRUE,1,"XRkw2v5KAM2aHdQic1"
721,"songdrop",30000,15000,20000,TRUE,2,"XRkw2v5KAM2aHdQic2"
847,"songdrop",30000,18000,40000,TRUE,2,"XRkw2v5KAM2aHdQic2"
1306,"songdrop",30000,NA,35000,FALSE,1,"XRkw2v5KAM2aHdQic1"
445,"songdrop",30000,35000,35000,TRUE,1,"XRkw2v5KAM2aHdQic1"
706,"songdrop",30000,40000,40000,TRUE,2,"XRkw2v5KAM2aHdQic2"
1374,"songdrop",30000,10000,10000,TRUE,1,"XRkw2v5KAM2aHdQic1"
1291,"songdrop",30000,25000,NA,FALSE,2,"XRkw2v5KAM2aHdQic2"
558,"songdrop",30000,8000,15000,TRUE,1,"XRkw2v5KAM2aHdQic1"
71,"songdrop",30000,NA,45000,FALSE,2,"XRkw2v5KAM2aHdQic2"
842,"songdrop",30000,15000,15000,TRUE,2,"XRkw2v5KAM2aHdQic2"
1401,"songdrop",30000,1e+05,1e+05,TRUE,2,"XRkw2v5KAM2aHdQic2"
420,"songdrop",30000,NA,30000,FALSE,2,"XRkw2v5KAM2aHdQic2"
778,"songdrop",30000,38000,38000,TRUE,1,"XRkw2v5KAM2aHdQic1"
1001,"songdrop",30000,500,18000,TRUE,2,"XRkw2v5KAM2aHdQic2"
788,"songdrop",30000,17000,45000,TRUE,2,"XRkw2v5KAM2aHdQic2"
1098,"songdrop",30000,20000,20000,TRUE,2,"XRkw2v5KAM2aHdQic2"
712,"songdrop",30000,5000,12000,TRUE,1,"XRkw2v5KAM2aHdQic1"
559,"songdrop",30000,40000,40000,TRUE,2,"XRkw2v5KAM2aHdQic2"
983,"songdrop",30000,40000,42000,TRUE,1,"XRkw2v5KAM2aHdQic1"
554,"songdrop",30000,NA,NA,FALSE,1,"XRkw2v5KAM2aHdQic1"
621,"songdrop",30000,20000,20000,TRUE,2,"XRkw2v5KAM2aHdQic2"
812,"songdrop",30000,NA,30000,FALSE,1,"XRkw2v5KAM2aHdQic1"
912,"songdrop",30000,30000,15000,TRUE,1,"XRkw2v5KAM2aHdQic1"
880,"songdrop",30000,15000,75000,TRUE,1,"XRkw2v5KAM2aHdQic1"
1175,"songdrop",30000,30000,30000,TRUE,2,"XRkw2v5KAM2aHdQic2"
237,"songdrop",30000,35000,35000,TRUE,1,"XRkw2v5KAM2aHdQic1"
448,"songdrop",30000,NA,50000,FALSE,1,"XRkw2v5KAM2aHdQic1"
955,"syria",1501,1100,5000,TRUE,1,"XZBk9dHDhHDSM5hFS1"
96,"syria",1501,841,NA,FALSE,1,"XZBk9dHDhHDSM5hFS1"
234,"syria",1501,2000,2000,TRUE,1,"XZBk9dHDhHDSM5hFS1"
1088,"syria",1501,1250,1400,TRUE,1,"XZBk9dHDhHDSM5hFS1"
961,"syria",1501,500,NA,FALSE,1,"XZBk9dHDhHDSM5hFS1"
1039,"syria",1501,345,655,TRUE,1,"XZBk9dHDhHDSM5hFS1"
1145,"syria",1501,2000,2000,TRUE,1,"XZBk9dHDhHDSM5hFS1"
1109,"syria",1501,NA,7000,FALSE,1,"XZBk9dHDhHDSM5hFS1"
1363,"syria",1501,200,7000,TRUE,1,"XZBk9dHDhHDSM5hFS1"
352,"syria",1501,1023,1021,TRUE,1,"XZBk9dHDhHDSM5hFS1"
879,"syria",1501,5,NA,FALSE,1,"XZBk9dHDhHDSM5hFS1"
226,"syria",1501,50000,25000,TRUE,1,"XZBk9dHDhHDSM5hFS1"
852,"syria",1501,450,450,TRUE,1,"XZBk9dHDhHDSM5hFS1"
1208,"syria",1501,1,NA,FALSE,1,"XZBk9dHDhHDSM5hFS1"
1159,"syria",1501,650,1200,TRUE,1,"XZBk9dHDhHDSM5hFS1"
9,"syria",1501,1500,1350,TRUE,1,"XZBk9dHDhHDSM5hFS1"
218,"syria",1501,841,841,TRUE,1,"XZBk9dHDhHDSM5hFS1"
1400,"syria",1501,600,650,TRUE,1,"XZBk9dHDhHDSM5hFS1"
1390,"syria",1501,950,1250,TRUE,1,"XZBk9dHDhHDSM5hFS1"
306,"syria",1501,679,699,TRUE,1,"XZBk9dHDhHDSM5hFS1"
1222,"chicago",2812,3000,2700,TRUE,3,"Z37S3mAMREXsiGzxa3"
292,"chicago",2812,600,2400,TRUE,1,"Z37S3mAMREXsiGzxa1"
809,"chicago",2812,1300,3750,TRUE,2,"Z37S3mAMREXsiGzxa2"
1177,"chicago",2812,NA,2500,FALSE,3,"Z37S3mAMREXsiGzxa3"
37,"chicago",2812,3000,3500,TRUE,2,"Z37S3mAMREXsiGzxa2"
417,"chicago",2812,2675,2250,TRUE,3,"Z37S3mAMREXsiGzxa3"
1169,"chicago",2812,5200,1850,TRUE,3,"Z37S3mAMREXsiGzxa3"
692,"chicago",2812,2500,2500,TRUE,3,"Z37S3mAMREXsiGzxa3"
946,"chicago",2812,150,1050,TRUE,2,"Z37S3mAMREXsiGzxa2"
242,"chicago",2812,1850,2200,TRUE,3,"Z37S3mAMREXsiGzxa3"
601,"chicago",2812,3750,NA,FALSE,2,"Z37S3mAMREXsiGzxa2"
1171,"chicago",2812,90,2200,TRUE,1,"Z37S3mAMREXsiGzxa1"
994,"chicago",2812,2,2200,TRUE,3,"Z37S3mAMREXsiGzxa3"
49,"chicago",2812,1300,5000,TRUE,3,"Z37S3mAMREXsiGzxa3"
679,"chicago",2812,1515,1919,TRUE,1,"Z37S3mAMREXsiGzxa1"
313,"chicago",2812,2000,2200,TRUE,3,"Z37S3mAMREXsiGzxa3"
574,"chicago",2812,1900,2500,TRUE,1,"Z37S3mAMREXsiGzxa1"
310,"chicago",2812,5000,5250,TRUE,1,"Z37S3mAMREXsiGzxa1"
62,"chicago",2812,5000,4000,TRUE,2,"Z37S3mAMREXsiGzxa2"
507,"chicago",2812,983,980,TRUE,2,"Z37S3mAMREXsiGzxa2"
254,"chicago",2812,2000,2500,TRUE,2,"Z37S3mAMREXsiGzxa2"
174,"chicago",2812,2000,2000,TRUE,2,"Z37S3mAMREXsiGzxa2"
1004,"chicago",2812,768,2.015,TRUE,1,"Z37S3mAMREXsiGzxa1"
1089,"chicago",2812,600,3500,TRUE,3,"Z37S3mAMREXsiGzxa3"
569,"chicago",2812,150,2500,TRUE,2,"Z37S3mAMREXsiGzxa2"
1203,"chicago",2812,8000,57339,TRUE,3,"Z37S3mAMREXsiGzxa3"
562,"chicago",2812,1000,2500,TRUE,1,"Z37S3mAMREXsiGzxa1"
1369,"chicago",2812,1500,2056,TRUE,3,"Z37S3mAMREXsiGzxa3"
700,"chicago",2812,500,1850,TRUE,3,"Z37S3mAMREXsiGzxa3"
278,"chicago",2812,6,2500,TRUE,1,"Z37S3mAMREXsiGzxa1"
998,"chicago",2812,1000,2500,TRUE,1,"Z37S3mAMREXsiGzxa1"
1193,"chicago",2812,2500,2700,TRUE,1,"Z37S3mAMREXsiGzxa1"
221,"chicago",2812,1500,2000,TRUE,3,"Z37S3mAMREXsiGzxa3"
414,"chicago",2812,850,1500,TRUE,1,"Z37S3mAMREXsiGzxa1"
987,"chicago",2812,1985,2389,TRUE,3,"Z37S3mAMREXsiGzxa3"
973,"chicago",2812,3500,NA,FALSE,2,"Z37S3mAMREXsiGzxa2"
608,"chicago",2812,1000,2000,TRUE,1,"Z37S3mAMREXsiGzxa1"
1191,"chicago",2812,3000,3000,TRUE,2,"Z37S3mAMREXsiGzxa2"
1263,"chicago",2812,1453,1453,TRUE,3,"Z37S3mAMREXsiGzxa3"
1006,"chicago",2812,1200,3229,TRUE,3,"Z37S3mAMREXsiGzxa3"
1314,"chicago",2812,NA,NA,FALSE,2,"Z37S3mAMREXsiGzxa2"
72,"chicago",2812,10000,NA,FALSE,2,"Z37S3mAMREXsiGzxa2"
372,"chicago",2812,2443,2500,TRUE,1,"Z37S3mAMREXsiGzxa1"
238,"chicago",2812,5000,4500,TRUE,1,"Z37S3mAMREXsiGzxa1"
1104,"chicago",2812,2000,3500,TRUE,2,"Z37S3mAMREXsiGzxa2"
1213,"chicago",2812,1200,1500,TRUE,1,"Z37S3mAMREXsiGzxa1"
1275,"chicago",2812,2000,3000,TRUE,2,"Z37S3mAMREXsiGzxa2"
435,"chicago",2812,787,1200,TRUE,1,"Z37S3mAMREXsiGzxa1"
1059,"chicago",2812,2400,2500,TRUE,2,"Z37S3mAMREXsiGzxa2"
27,"chicago",2812,2000,3000,TRUE,1,"Z37S3mAMREXsiGzxa1"
1415,"chicago",2812,10000,NA,FALSE,3,"Z37S3mAMREXsiGzxa3"
489,"chicago",2812,2500,2300,TRUE,3,"Z37S3mAMREXsiGzxa3"
1408,"chicago",2812,1000,2000,TRUE,2,"Z37S3mAMREXsiGzxa2"
345,"chicago",2812,3000,3250,TRUE,2,"Z37S3mAMREXsiGzxa2"
938,"chicago",2812,1315,1750,TRUE,2,"Z37S3mAMREXsiGzxa2"
163,"chicago",2812,4800,5300,TRUE,1,"Z37S3mAMREXsiGzxa1"
168,"chicago",2812,3000,2000,TRUE,3,"Z37S3mAMREXsiGzxa3"
92,"chicago",2812,35,2850,TRUE,2,"Z37S3mAMREXsiGzxa2"
181,"chicago",2812,1500,1500,TRUE,1,"Z37S3mAMREXsiGzxa1"
673,"chicago",2812,5000,3800,TRUE,1,"Z37S3mAMREXsiGzxa1"
